,Area,Item,Year,hg/ha_yield,average_rain_fall_mm_per_year,pesticides_tonnes,average_temp
1,Shimla,Royal Delicious,1990,36613,1503,121,16.37
2,Shimla,Granny Smith,1990,66667,1503,121,16.37
3,Shimla,Kashmir Apple,1990,23333,1503,121,16.37
4,Shimla,Ambrosia,1990,12500,1503,121,16.37
5,Shimla,Fengal,1990,7000,1503,121,16.37
6,Shimla,Golden Delicious,1990,2534,1503,121,16.37
7,Shimla,Golden Delicious,1991,6342,1503,121,16.37
8,Shimla,Royal Delicious,1991,29068,1321,121,15.36
9,Shimla,Granny Smith,1991,77818,1321,121,15.36
10,Shimla,Kashmir Apple,1991,28538,1321,121,15.36
11,Shimla,Ambrosia,1991,6667,1321,121,15.36
12,Shimla,Fengal,1991,6066,1321,121,15.36
13,Shimla,Lonas Gold,1991,20698,1321,121,15.36
14,Shimla,Royal Delicious,1992,24876,1497,121,16.06
15,Shimla,Granny Smith,1992,82920,1497,121,16.06
16,Shimla,Kashmir Apple,1992,40000,1497,121,16.06
17,Shimla,Ambrosia,1992,3747,1497,121,16.06
18,Shimla,Fengal,1992,4507,1497,121,16.06
19,Shimla,Lonas Gold,1992,24388,1497,121,16.06
20,Shimla,Royal Delicious,1993,24185,1654,121,16.05
21,Shimla,Granny Smith,1993,98446,1654,121,16.05
22,Shimla,Kashmir Apple,1993,41786,1654,121,16.05
23,Shimla,Fengal,1993,7998,1654,121,16.05
24,Shimla,Lonas Gold,1993,29976,1654,121,16.05
25,Shimla,Royal Delicious,1994,25848,1384,201,16.96
26,Shimla,Granny Smith,1994,81404,1384,201,16.96
27,Shimla,Fengal,1994,7927,1384,201,16.96
28,Shimla,Lonas Gold,1994,24745,1384,201,16.96
29,Shimla,Royal Delicious,1995,31300,1321,251,15.67
30,Shimla,Granny Smith,1995,111323,1321,251,15.67
31,Shimla,Fengal,1995,11791,1321,251,15.67
32,Shimla,Lonas Gold,1995,28703,1321,251,15.67
33,Shimla,Royal Delicious,1996,32604,1232,313.96,15.64
34,Shimla,Granny Smith,1996,106138,1232,313.96,15.64
35,Shimla,Fengal,1996,15480,1232,313.96,15.64
36,Shimla,Lonas Gold,1996,21741,1232,313.96,15.64
37,Shimla,Royal Delicious,1997,31862,1554,376.93,15.9
38,Shimla,Granny Smith,1997,109874,1554,376.93,15.9
39,Shimla,Fengal,1997,12768,1554,376.93,15.9
40,Shimla,Lonas Gold,1997,28516,1554,376.93,15.9
41,Shimla,Royal Delicious,1998,33416,1876,439.89,16.27
42,Shimla,Granny Smith,1998,127212,1876,439.89,16.27
43,Shimla,Fengal,1998,14327,1876,439.89,16.27
44,Shimla,Lonas Gold,1998,28037,1876,439.89,16.27
45,Shimla,Royal Delicious,1999,37455,1211,502.86,16.57
46,Shimla,Granny Smith,1999,142018,1211,502.86,16.57
47,Shimla,Fengal,1999,17143,1211,502.86,16.57
48,Shimla,Lonas Gold,1999,24954,1211,502.86,16.57
49,Shimla,Royal Delicious,2000,38811,1321,565.82,16.67
50,Shimla,Granny Smith,2000,141228,1321,565.82,16.67
51,Shimla,Fengal,2000,15000,1321,565.82,16.67
52,Shimla,Lonas Gold,2000,30455,1321,565.82,16.67
53,Shimla,Royal Delicious,2001,38135,1431,628.79,16.59
54,Shimla,Granny Smith,2001,148818,1431,628.79,16.59
55,Shimla,Fengal,2001,20000,1431,628.79,16.59
56,Shimla,Lonas Gold,2001,28220,1431,628.79,16.59
57,Shimla,Royal Delicious,2002,39460,1564,691.75,16.47
58,Shimla,Granny Smith,2002,153868,1564,691.75,16.47
59,Shimla,Fengal,2002,20000,1564,691.75,16.47
60,Shimla,Lonas Gold,2002,31617,1564,691.75,16.47
61,Shimla,Royal Delicious,2003,54322,1876,764.98,16.34
62,Shimla,Granny Smith,2003,54326,1876,764.98,16.34
63,Shimla,Red Fuji,2003,87654,1876,764.98,16.34
64,Shimla,Kashmir Apple,2003,76475,1876,764.98,16.34
65,Shimla,Ambrosia,2003,86745,1876,764.98,16.34
66,Shimla,Royal Delicious,2004,65743,1432,817.68,16.16
67,Shimla,Granny Smith,2004,149346,1432,817.68,16.16
68,Shimla,Fengal,2004,13333,1432,817.68,16.16
69,Shimla,Lonas Gold,2004,31130,1432,817.68,16.16
70,Shimla,Royal Delicious,2005,45442,1321,880.64,15.67
71,Shimla,Granny Smith,2005,167061,1321,880.64,15.67
72,Shimla,Fengal,2005,17500,1321,880.64,15.67
73,Shimla,Lonas Gold,2005,31582,1321,880.64,15.67
74,Shimla,Royal Delicious,2006,50111,1543,943.61,15.92
75,Shimla,Granny Smith,2006,17075,1543,943.61,15.92
76,Shimla,Fengal,2006,20000,1543,943.61,15.92
77,Shimla,Lonas Gold,2006,30787,1543,943.61,15.92
78,Shimla,Royal Delicious,2007,46732,1503,1006.57,16.67
79,Shimla,Granny Smith,2007,188902,1503,1006.57,16.67
80,Shimla,Fengal,2007,20000,1503,1006.57,16.67
81,Shimla,Lonas Gold,2007,35496,1503,1006.57,16.67
82,Shimla,Royal Delicious,2008,50000,1642,1069.54,16.71
83,Shimla,Granny Smith,2008,193878,1642,1069.54,16.71
84,Shimla,Fengal,2008,20000,1642,1069.54,16.71
85,Shimla,Lonas Gold,2008,40168,1642,1069.54,16.71
86,Shimla,Royal Delicious,2009,55693,1431,1132.5,16.73
87,Shimla,Granny Smith,2009,219780,1431,1132.5,16.73
88,Shimla,Fengal,2009,16667,1431,1132.5,16.73
89,Shimla,Lonas Gold,2009,40229,1431,1132.5,16.73
90,Shimla,Royal Delicious,2010,66790,1532,1311.17,16.52
91,Shimla,Granny Smith,2010,231111,1532,1311.17,16.52
92,Shimla,Fengal,2010,16667,1532,1311.17,16.52
93,Shimla,Lonas Gold,2010,39905,1532,1311.17,16.52
94,Shimla,Royal Delicious,2011,59869,1754,1302.63,16.45
95,Shimla,Granny Smith,2011,242211,1754,1302.63,16.45
96,Shimla,Fengal,2011,18519,1754,1302.63,16.45
97,Shimla,Lonas Gold,2011,42301,1754,1302.63,16.45
98,Shimla,Royal Delicious,2012,67290,1432,766.25,16.7
99,Shimla,Granny Smith,2012,250538,1432,766.25,16.7
100,Shimla,Fengal,2012,13333,1432,766.25,16.7
101,Shimla,Lonas Gold,2012,41096,1432,766.25,16.7
102,Shimla,Royal Delicious,2013,69533,1367,982.32,17.41
103,Shimla,Granny Smith,2013,260110,1367,982.32,17.41
104,Shimla,Fengal,2013,10000,1367,982.32,17.41
105,Shimla,Lonas Gold,2013,41292,1367,982.32,17.41
106,Shimla,Royal Delicious,2014,52098,1765,876.9,15.87
107,Shimla,Granny Smith,2014,8790,1765,876.9,15.87
108,Shimla,Kashmir Apple,2014,6242,1765,876.9,15.87
109,Shimla,Ambrosia,2014,65744,1765,876.9,15.87
110,Shimla,Royal Delicious,2015,76543,1211,876.9,16.76
111,Shimla,Granny Smith,2015,65234,1211,876.9,16.76
112,Shimla,Kashmir Apple,2015,64537,1211,876.9,16.76
113,Shimla,Ambrosia,2015,26354,1211,876.9,16.76
114,Shimla,Royal Delicious,2016,43521,1436,876.9,16.34
115,Shimla,Granny Smith,2016,54378,1436,876.9,16.34
116,Shimla,Lonas Gold,2016,65432,1436,876.9,16.34
117,Shimla,Fengal,2016,56789,1436,876.9,16.34
118,Shimla,Red Fuji,2016,6543,1436,876.9,16.34
119,Shimla,Royal Delicious,2017,34256,1532,876.9,16.56
120,Shimla,Granny Smith,2017,45687,1532,876.9,16.56
121,Shimla,Ambrosia,2017,76423,1532,876.9,16.56
122,Shimla,Fengal,2017,8765,1532,876.9,16.56
123,Shimla,Royal Delicious,2018,3648,1098,876.9,17.86
124,Shimla,Granny Smith,2018,67543,1098,876.9,17.86
125,Shimla,Kashmir Apple,2018,56473,1098,876.9,17.86
126,Shimla,Ambrosia,2018,876543,1098,876.9,17.86
127,Shimla,Fengal,2018,675844,1098,876.9,17.86
128,Shimla,Royal Delicious,2019,54321,1765,876.9,16.54
129,Shimla,Granny Smith,2019,87643,1765,876.9,16.54
130,Shimla,Ambrosia,2019,65432,1765,876.9,16.54
131,Shimla,Fengal,2019,76890,1765,876.9,16.54
132,Shimla,Red Fuji,2019,87657,1765,876.9,16.54
133,Shimla,Royal Delicious,2020,87906,1321,1356.7,16.78
134,Shimla,Granny Smith,2020,65436,1321,1356.7,16.78
135,Shimla,Kashmir Apple,2020,45643,1321,1356.7,16.78
136,Shimla,Fengal,2020,43245,1321,1356.7,16.78
137,Shimla,Ambrosia,2020,65437,1321,1356.7,16.78
138,Shimla,Red Delicious,2020,6557,1321,1356.7,16.78
139,Shimla,Royal Delicious,2021,65677,1657,1356.7,15.76
140,Shimla,Granny Smith,2021,54387,1657,1356.7,15.76
141,Shimla,Kashmir Apple,2021,12456,1657,1356.7,15.76
142,Shimla,Ambrosia,2021,45345,1657,1356.7,15.76
143,Shimla,Fengal,2021,32467,1657,1356.7,15.76
144,Shimla,Red Fuji,2021,45654,1657,1356.7,15.76
145,Shimla,Royal Delicious,2022,34565,1843,1356.7,16.56
146,Shimla,Granny Smith,2022,3432,1843,1356.7,16.56
147,Shimla,Kashmir Apple,2022,23453,1843,1356.7,16.56
148,Shimla,Ambrosia,2022,32146,1843,1356.7,16.56
149,Shimla,Fengal,2022,54327,1843,1356.7,16.56
150,Shimla,Red Fuji,2022,45643,1843,1356.7,16.56
151,Shimla,Royal Delicious,2023,43214,1589,1356.7,16.76
152,Shimla,Granny Smith,2023,45321,1589,1356.7,16.76
153,Shimla,Kashmir Apple,2023,67543,1589,1356.7,16.76
154,Shimla,Ambrosia,2023,67954,1589,1356.7,16.76
155,Shimla,Fengal,2023,45362,1589,1356.7,16.76
156,Shimla,Red Fuji,2023,43267,1589,1356.7,16.76
157,Shimla,Lonas Gold,2023,43211,1589,1356.7,16.76
158,Kullu,Royal Delicious,1990,28000,987,1828.92,17.48
159,Kullu,Granny Smith,1990,16571,987,1828.92,17.48
160,Kullu,Kashmir Apple,1990,6315,987,1828.92,17.48
161,Kullu,Ambrosia,1991,19231,1012,2461.8,16.26
162,Kullu,Lonas Gold,1991,90747,1012,2461.8,16.26
163,Kullu,Royal Delicious,1991,26786,1012,2461.8,16.26
164,Kullu,Granny Smith,1991,24231,1012,2461.8,16.26
165,Kullu,Kashmir Apple,1991,10809,1012,2461.8,16.26
166,Kullu,Ambrosia,1992,22828,1111,1215.47,16.27
167,Kullu,Lonas Gold,1992,107917,1111,1215.47,16.27
168,Kullu,Royal Delicious,1992,24733,1111,1215.47,16.27
169,Kullu,Granny Smith,1992,40000,1111,1215.47,16.27
170,Kullu,Golden Delicious,1992,6421,1111,1215.47,16.27
171,Kullu,Red Delicious,1992,2345,1111,1215.47,16.27
172,Kullu,Kashmir Apple,1992,9939,1111,1215.47,16.27
173,Kullu,Ambrosia,1993,12500,986,1021.89,17
174,Kullu,Lonas Gold,1993,111215,986,1021.89,17
175,Kullu,Royal Delicious,1993,23111,986,1021.89,17
176,Kullu,Granny Smith,1993,50000,986,1021.89,17
177,Kullu,Kashmir Apple,1993,8097,986,1021.89,17
178,Kullu,Ambrosia,1994,4512,956,1255.02,17.88
179,Kullu,Lonas Gold,1994,95078,956,1255.02,17.88
180,Kullu,Royal Delicious,1994,21374,956,1255.02,17.88
181,Kullu,Granny Smith,1994,7999,956,1255.02,17.88
182,Kullu,Kashmir Apple,1995,16115,876,2697.09,17.36
183,Kullu,Lonas Gold,1995,136768,876,2697.09,17.36
184,Kullu,Royal Delicious,1995,19598,876,2697.09,17.36
185,Kullu,Granny Smith,1995,12667,876,2697.09,17.36
186,Kullu,Kashmir Apple,1995,8924,876,2697.09,17.36
187,Kullu,Ambrosia,1996,17154,991,479.77,16.76
188,Kullu,Lonas Gold,1996,134629,991,479.77,16.76
189,Kullu,Royal Delicious,1996,17861,991,479.77,16.76
190,Kullu,Granny Smith,1996,14750,991,479.77,16.76
191,Kullu,Kashmir Apple,1996,13090,991,479.77,16.76
192,Kullu,Ambrosia,1997,21417,899,401.22,17.84
193,Kullu,Lonas Gold,1997,141042,899,401.22,17.84
194,Kullu,Royal Delicious,1997,15000,899,401.22,17.84
195,Kullu,Granny Smith,1997,40000,899,401.22,17.84
196,Kullu,Kashmir Apple,1997,8016,899,401.22,17.84
197,Kullu,Ambrosia,1998,17222,1021,322.84,17.14
198,Kullu,Lonas Gold,1998,160256,1021,322.84,17.14
199,Kullu,Royal Delicious,1998,15000,1021,322.84,17.14
200,Kullu,Granny Smith,1998,24500,1021,322.84,17.14
201,Kullu,Kashmir Apple,1998,8847,1021,322.84,17.14
202,Kullu,Ambrosia,1999,22375,870,654.45,17.97
203,Kullu,Lonas Gold,1999,153532,870,654.45,17.97
204,Kullu,Royal Delicious,1999,13942,870,654.45,17.97
205,Kullu,Granny Smith,1999,27000,870,654.45,17.97
206,Kullu,Kashmir Apple,1999,10711,870,654.45,17.97
207,Kullu,Ambrosia,2000,36186,1201,603.67,17.9
208,Kullu,Lonas Gold,2000,166143,1201,603.67,17.9
209,Kullu,Royal Delicious,2000,13052,1201,603.67,17.9
210,Kullu,Granny Smith,2000,69500,1201,603.67,17.9
211,Kullu,Kashmir Apple,2000,9194,1201,603.67,17.9
212,Kullu,Ambrosia,2001,27175,978,710.11,18.13
213,Kullu,Lonas Gold,2001,147018,978,710.11,18.13
214,Kullu,Royal Delicious,2001,12314,978,710.11,18.13
215,Kullu,Granny Smith,2001,27750,978,710.11,18.13
216,Kullu,Kashmir Apple,2001,11104,978,710.11,18.13
217,Kullu,Ambrosia,2002,33480,1321,816.55,17.85
218,Kullu,Lonas Gold,2002,183774,1321,816.55,17.85
219,Kullu,Royal Delicious,2002,12959,1321,816.55,17.85
220,Kullu,Granny Smith,2002,33900,1321,816.55,17.85
221,Kullu,Kashmir Apple,2002,10739,1321,816.55,17.85
222,Kullu,Royal Delicious,2003,4321,1432,987.89,17.87
223,Kullu,Fengal,2003,45367,1432,987.89,17.87
224,Kullu,Red Fuji,2003,6453,1432,987.89,17.87
225,Kullu,Granny Smith,2003,6759,1432,987.89,17.87
226,Kullu,Ambrosia,2004,31729,1452,3747.86,17.38
227,Kullu,Lonas Gold,2004,203585,1452,3747.86,17.38
228,Kullu,Royal Delicious,2004,12829,1452,3747.86,17.38
229,Kullu,Granny Smith,2004,43316,1452,3747.86,17.38
230,Kullu,Kashmir Apple,2004,13582,1452,3747.86,17.38
231,Kullu,Ambrosia,2005,33864,983,3662.87,17.19
232,Kullu,Lonas Gold,2005,216267,983,3662.87,17.19
233,Kullu,Royal Delicious,2005,12998,983,3662.87,17.19
234,Kullu,Granny Smith,2005,33486,983,3662.87,17.19
235,Kullu,Kashmir Apple,2005,15057,983,3662.87,17.19
236,Kullu,Ambrosia,2006,65668,1321,4110.72,18.13
237,Kullu,Lonas Gold,2006,220689,1321,4110.72,18.13
238,Kullu,Royal Delicious,2006,12769,1321,4110.72,18.13
239,Kullu,Granny Smith,2006,56728,1321,4110.72,18.13
240,Kullu,Kashmir Apple,2006,15068,1321,4110.72,18.13
241,Kullu,Ambrosia,2007,85625,1453,5390.79,17.42
242,Kullu,Lonas Gold,2007,189927,1453,5390.79,17.42
243,Kullu,Royal Delicious,2007,13375,1453,5390.79,17.42
244,Kullu,Granny Smith,2007,119059,1453,5390.79,17.42
245,Kullu,Kashmir Apple,2007,12742,1453,5390.79,17.42
246,Kullu,Ambrosia,2008,44714,1235,11556.12,17.55
247,Kullu,Lonas Gold,2008,236393,1235,11556.12,17.55
248,Kullu,Royal Delicious,2008,13952,1235,11556.12,17.55
249,Kullu,Granny Smith,2008,61786,1235,11556.12,17.55
250,Kullu,Kashmir Apple,2008,11038,1235,11556.12,17.55
251,Kullu,Ambrosia,2009,30914,789,3867.99,17.78
252,Kullu,Lonas Gold,2009,250764,789,3867.99,17.78
253,Kullu,Royal Delicious,2009,14594,789,3867.99,17.78
254,Kullu,Granny Smith,2009,90465,789,3867.99,17.78
255,Kullu,Kashmir Apple,2009,15975,789,3867.99,17.78
256,Kullu,Ambrosia,2010,25827,653,1295.88,17.59
257,Kullu,Lonas Gold,2010,270526,653,1295.88,17.59
258,Kullu,Royal Delicious,2010,15305,653,1295.88,17.59
259,Kullu,Granny Smith,2010,30286,653,1295.88,17.59
260,Kullu,Kashmir Apple,2010,14838,653,1295.88,17.59
261,Kullu,Ambrosia,2011,23374,1236,13861.76,17.79
262,Kullu,Lonas Gold,2011,292806,1236,13861.76,17.79
263,Kullu,Royal Delicious,2011,16081,1236,13861.76,17.79
264,Kullu,Granny Smith,2011,100000,1236,13861.76,17.79
265,Kullu,Kashmir Apple,2011,17405,1236,13861.76,17.79
266,Kullu,Ambrosia,2012,25583,1222,17379.76,17.91
267,Kullu,Lonas Gold,2012,304291,1222,17379.76,17.91
268,Kullu,Royal Delicious,2012,16667,1222,17379.76,17.91
269,Kullu,Granny Smith,2012,206000,1222,17379.76,17.91
270,Kullu,Kashmir Apple,2012,17639,1222,17379.76,17.91
271,Kullu,Ambrosia,2013,33649,954,17278.65,17.65
272,Kullu,Lonas Gold,2013,303218,954,17278.65,17.65
273,Kullu,Royal Delicious,2013,17778,954,17278.65,17.65
274,Kullu,Granny Smith,2013,60000,954,17278.65,17.65
275,Kullu,Kashmir Apple,2013,19100,954,17278.65,17.65
276,Kullu,Royal Delicious,2014,24353,1111,17123.98,17.87
277,Kullu,Granny Smith,2014,24532,1111,17123.98,17.87
278,Kullu,Kashmir Apple,2014,35243,1111,17123.98,17.87
279,Kullu,Ambrosia,2014,2874,1111,17123.98,17.87
280,Kullu,Royal Delicious,2015,5532,987,17862.76,17.65
281,Kullu,Granny Smith,2015,54231,987,17123.98,17.65
282,Kullu,Red Fuji,2015,43527,987,17123.98,17.65
283,Kullu,Ambrosia,2015,54732,987,17123.98,17.65
284,Kullu,Royal Delicious,2016,47553,786,16987.09,16.98
285,Kullu,Granny Smith,2016,25463,786,16987.09,16.98
286,Kullu,Red Fuji,2016,65243,786,16987.09,16.98
287,Kullu,Ambrosia,2016,2431,786,16987.09,16.98
288,Kullu,Royal Delicious,2017,25473,879,17777.9,16.78
289,Kullu,Fengal,2017,63543,879,17777.9,16.78
290,Kullu,Kashmir Apple,2017,6754,879,17777.9,16.78
291,Kullu,Red Fuji,2017,36749,879,17777.9,16.78
292,Kullu,Royal Delicious,2018,25342,1321,16548.89,16.56
293,Kullu,Granny Smith,2018,8763,1321,16548.89,16.56
294,Kullu,Lonas Gold,2018,3425,1321,16548.89,16.56
295,Kullu,Mongedy,2018,253638,1321,16548.89,16.56
296,Kullu,Royal Delicious,2019,34628,1239,17981.98,17.56
297,Kullu,Granny Smith,2019,64532,1239,17981.98,17.56
298,Kullu,Fengal,2019,8563,1239,17981.98,17.56
299,Kullu,Ambrosia,2019,65743,1239,17981.98,17.56
300,Kullu,Royal Delicious,2020,34211,1098,18097.91,17.98
301,Kullu,Fengal,2020,25362,1098,18097.91,17.98
302,Kullu,Red Fuji,2020,35464,1098,18097.91,17.98
303,Kullu,Mongedy,2020,65234,1098,18097.91,17.98
304,Kullu,Royal Delicious,2021,35422,986,16897.76,17.45
305,Kullu,Fengal,2021,34632,986,16897.76,17.45
306,Kullu,Granny Smith,2021,32424,986,16897.76,17.45
307,Kullu,Mongedy,2021,35462,986,16897.76,17.45
308,Kullu,Lonas Gold,2021,35452,986,16897.76,17.45
309,Kullu,Royal Delicious,2022,25684,1019,18797.98,18.89
310,Kullu,Red Fuji,2022,264422,1019,18797.98,18.89
311,Kullu,Granny Smith,2022,2364,1019,18797.98,18.89
312,Kullu,Mongedy,2022,52432,1019,18797.98,18.89
313,Kullu,Royal Delicious,2023,53426,951,18786.8,18.01
314,Kullu,Fengal,2023,25433,951,18786.8,18.01
315,Kullu,Lonas Gold,2023,25452,951,18786.8,18.01
316,Kullu,Red Fuji,2023,65473,951,18786.8,18.01
317,Kullu,Mongedy,2023,76422,951,18786.8,18.01
318,Kinnaur,Ambrosia,1990,41177,1010,64,13.41
319,Kinnaur,Lonas Gold,1990,2736,1010,64,13.41
320,Kinnaur,Mongedy,1990,40000,1010,64,13.41
321,Kinnaur,Royal Delicious,1990,9512,1010,64,13.41
322,Kinnaur,Granny Smith,1990,89342,1010,64,13.41
323,Kinnaur,Kashmir Apple,1990,7995,1010,64,13.41
324,Kinnaur,Red Fuji,1991,40295,1321,79,13.42
325,Kinnaur,Lonas Gold,1991,4013,1321,79,13.42
326,Kinnaur,Mongedy,1991,40000,1321,79,13.42
327,Kinnaur,Royal Delicious,1991,10000,1321,79,13.42
328,Kinnaur,Granny Smith,1991,83001,1321,79,13.42
329,Kinnaur,Kashmir Apple,1991,8000,1321,79,13.42
330,Kinnaur,Red Fuji,1992,42295,1214,23,15.65
331,Kinnaur,Lonas Gold,1992,3778,1214,23,15.65
332,Kinnaur,Mongedy,1992,40000,1214,23,15.65
333,Kinnaur,Royal Delicious,1992,9106,1214,23,15.65
334,Kinnaur,Granny Smith,1992,90000,1214,23,15.65
335,Kinnaur,Kashmir Apple,1992,8000,1214,23,15.65
336,Kinnaur,Red Fuji,1993,42295,1321,169,12.12
337,Kinnaur,Lonas Gold,1993,2627,1321,169,12.12
338,Kinnaur,Mongedy,1993,70000,1321,169,12.12
339,Kinnaur,Royal Delicious,1993,8000,1321,169,12.12
340,Kinnaur,Granny Smith,1993,88095,1321,169,12.12
341,Kinnaur,Kashmir Apple,1993,8876,1321,169,12.12
342,Kinnaur,Red Fuji,1994,58596,1212,25.5,16.66
343,Kinnaur,Lonas Gold,1994,2463,1212,25.5,16.66
344,Kinnaur,Mongedy,1994,90000,1212,25.5,16.66
345,Kinnaur,Royal Delicious,1994,8750,1212,25.5,16.66
346,Kinnaur,Granny Smith,1994,83192,1212,25.5,16.66
347,Kinnaur,Kashmir Apple,1994,10000,1212,25.5,16.66
348,Kinnaur,Golden Delicious,1994,12622,1212,25.5,16.66
349,Kinnaur,Red Delicious,1994,1344,1212,25.5,16.66
350,Kinnaur,Red Fuji,1995,51000,1321,336,12.36
351,Kinnaur,Lonas Gold,1995,3517,1321,336,12.36
352,Kinnaur,Mongedy,1995,76738,1321,336,12.36
353,Kinnaur,Royal Delicious,1995,14615,1321,336,12.36
354,Kinnaur,Granny Smith,1995,81138,1321,336,12.36
355,Kinnaur,Kashmir Apple,1995,11855,1321,336,12.36
356,Kinnaur,Red Fuji,1996,48077,1432,546,14.58
357,Kinnaur,Lonas Gold,1996,6993,1432,546,14.58
358,Kinnaur,Mongedy,1996,70000,1432,546,14.58
359,Kinnaur,Royal Delicious,1996,17500,1432,546,14.58
360,Kinnaur,Granny Smith,1996,85455,1432,546,14.58
361,Kinnaur,Kashmir Apple,1996,13738,1432,546,14.58
362,Kinnaur,Red Fuji,1997,44205,1189,675,16.73
363,Kinnaur,Lonas Gold,1997,5959,1189,675,16.73
364,Kinnaur,Mongedy,1997,68571,1189,675,16.73
365,Kinnaur,Royal Delicious,1997,20000,1189,675,16.73
366,Kinnaur,Granny Smith,1997,78098,1189,675,16.73
367,Kinnaur,Kashmir Apple,1997,15509,1189,675,16.73
368,Kinnaur,Red Fuji,1998,55728,1010,654,17.88
369,Kinnaur,Lonas Gold,1998,7396,1010,654,17.88
370,Kinnaur,Mongedy,1998,62724,1010,654,17.88
371,Kinnaur,Royal Delicious,1998,20000,1010,654,17.88
372,Kinnaur,Granny Smith,1998,76256,1010,654,17.88
373,Kinnaur,Kashmir Apple,1998,17143,1010,654,17.88
374,Kinnaur,Red Fuji,1999,59821,1245,765,12.47
375,Kinnaur,Lonas Gold,1999,6361,1245,765,12.47
376,Kinnaur,Mongedy,1999,54597,1245,765,12.47
377,Kinnaur,Royal Delicious,1999,14235,1245,765,12.47
378,Kinnaur,Granny Smith,1999,82865,1245,765,12.47
379,Kinnaur,Kashmir Apple,1999,17391,1245,765,12.47
380,Kinnaur,Red Fuji,2000,82992,987,876,11.26
381,Kinnaur,Lonas Gold,2000,5745,987,876,11.26
382,Kinnaur,Mongedy,2000,29885,987,876,11.26
383,Kinnaur,Royal Delicious,2000,13454,987,876,11.26
384,Kinnaur,Granny Smith,2000,3333,987,876,11.26
385,Kinnaur,Kashmir Apple,2000,2333,987,876,11.26
386,Kinnaur,Ambrosia,2000,34938,987,876,11.26
387,Kinnaur,Fengal,2000,17023,987,876,11.26
388,Kinnaur,Red Fuji,2001,94072,1564,886,10.97
389,Kinnaur,Lonas Gold,2001,5754,1564,886,10.97
390,Kinnaur,Mongedy,2001,42552,1564,886,10.97
391,Kinnaur,Royal Delicious,2001,13701,1564,886,10.97
392,Kinnaur,Granny Smith,2001,3571,1564,886,10.97
393,Kinnaur,Kashmir Apple,2001,2500,1564,886,10.97
394,Kinnaur,Ambrosia,2001,44458,1564,886,10.97
395,Kinnaur,Fengal,2001,16667,1564,886,10.97
396,Kinnaur,Red Fuji,2002,110071,1210,891,12.65
397,Kinnaur,Lonas Gold,2002,6706,1210,891,12.65
398,Kinnaur,Mongedy,2002,42754,1210,891,12.65
399,Kinnaur,Royal Delicious,2002,13198,1210,891,12.65
400,Kinnaur,Granny Smith,2002,3400,1210,891,12.65
401,Kinnaur,Kashmir Apple,2002,2857,1210,891,12.65
402,Kinnaur,Ambrosia,2002,42190,1210,891,12.65
403,Kinnaur,Fengal,2002,15455,1210,891,12.65
404,Kinnaur,Ambrosia,2003,14253,1453,1012,14.44
405,Kinnaur,Red Fuji,2003,15373,1453,1012,14.44
406,Kinnaur,Kashmir Apple,2003,26372,1453,1012,14.44
407,Kinnaur,Fengal,2003,23611,1453,1012,14.44
408,Kinnaur,Red Fuji,2004,125605,1721,1234,13.36
409,Kinnaur,Lonas Gold,2004,5404,1721,1234,13.36
410,Kinnaur,Mongedy,2004,20150,1721,1234,13.36
411,Kinnaur,Royal Delicious,2004,11584,1721,1234,13.36
412,Kinnaur,Granny Smith,2004,3333,1721,1234,13.36
413,Kinnaur,Kashmir Apple,2004,3600,1721,1234,13.36
414,Kinnaur,Ambrosia,2004,45360,1721,1234,13.36
415,Kinnaur,Fengal,2004,12442,1721,1234,13.36
416,Kinnaur,Red Fuji,2005,117628,1543,1919,11.11
417,Kinnaur,Lonas Gold,2005,6736,1543,1919,11.11
418,Kinnaur,Mongedy,2005,23646,1543,1919,11.11
419,Kinnaur,Royal Delicious,2005,6977,1543,1919,11.11
420,Kinnaur,Granny Smith,2005,3333,1543,1919,11.11
421,Kinnaur,Kashmir Apple,2005,3793,1543,1919,11.11
422,Kinnaur,Ambrosia,2005,46159,1543,1919,11.11
423,Kinnaur,Fengal,2005,10946,1543,1919,11.11
424,Kinnaur,Red Fuji,2006,117201,1234,1452,14.98
425,Kinnaur,Lonas Gold,2006,4687,1234,1452,14.98
426,Kinnaur,Mongedy,2006,52148,1234,1452,14.98
427,Kinnaur,Royal Delicious,2006,4947,1234,1452,14.98
428,Kinnaur,Granny Smith,2006,4091,1234,1452,14.98
429,Kinnaur,Kashmir Apple,2006,4286,1234,1452,14.98
430,Kinnaur,Ambrosia,2006,44240,1234,1452,14.98
431,Kinnaur,Fengal,2006,10000,1234,1452,14.98
432,Kinnaur,Red Fuji,2007,115387,1325,1324,15.98
433,Kinnaur,Lonas Gold,2007,5091,1325,1324,15.98
434,Kinnaur,Mongedy,2007,62138,1325,1324,15.98
435,Kinnaur,Royal Delicious,2007,5143,1325,1324,15.98
436,Kinnaur,Granny Smith,2007,4031,1325,1324,15.98
437,Kinnaur,Kashmir Apple,2007,6883,1325,1324,15.98
438,Kinnaur,Ambrosia,2007,58855,1325,1324,15.98
439,Kinnaur,Fengal,2007,10000,1325,1324,15.98
440,Kinnaur,Red Fuji,2008,148084,1765,1543,13.54
441,Kinnaur,Lonas Gold,2008,7946,1765,1543,13.54
442,Kinnaur,Mongedy,2008,85085,1765,1543,13.54
443,Kinnaur,Royal Delicious,2008,5084,1765,1543,13.54
444,Kinnaur,Granny Smith,2008,929,1765,1543,13.54
445,Kinnaur,Kashmir Apple,2008,8575,1765,1543,13.54
446,Kinnaur,Ambrosia,2008,65437,1765,1543,13.54
447,Kinnaur,Fengal,2008,10000,1765,1543,13.54
448,Kinnaur,Red Fuji,2009,151759,1213,1654,15.83
449,Kinnaur,Lonas Gold,2009,6614,1213,1654,15.83
450,Kinnaur,Mongedy,2009,86509,1213,1654,15.83
451,Kinnaur,Royal Delicious,2009,6028,1213,1654,15.83
452,Kinnaur,Granny Smith,2009,2480,1213,1654,15.83
453,Kinnaur,Kashmir Apple,2009,4449,1213,1654,15.83
454,Kinnaur,Ambrosia,2009,66475,1213,1654,15.83
455,Kinnaur,Fengal,2009,10000,1213,1654,15.83
456,Kinnaur,Red Fuji,2010,155782,1345,1422,13.47
457,Kinnaur,Lonas Gold,2010,7200,1345,1422,13.47
458,Kinnaur,Mongedy,2010,87425,1345,1422,13.47
459,Kinnaur,Royal Delicious,2010,7403,1345,1422,13.47
460,Kinnaur,Granny Smith,2010,2814,1345,1422,13.47
461,Kinnaur,Kashmir Apple,2010,4446,1345,1422,13.47
462,Kinnaur,Ambrosia,2010,63001,1345,1422,13.47
463,Kinnaur,Fengal,2010,10526,1345,1422,13.47
464,Kinnaur,Red Fuji,2011,133649,1111,1566,15.74
465,Kinnaur,Lonas Gold,2011,7376,1111,1566,15.74
466,Kinnaur,Mongedy,2011,81366,1111,1566,15.74
467,Kinnaur,Royal Delicious,2011,8914,1111,1566,15.74
468,Kinnaur,Granny Smith,2011,3320,1111,1566,15.74
469,Kinnaur,Kashmir Apple,2011,5294,1111,1566,15.74
470,Kinnaur,Ambrosia,2011,65512,1111,1566,15.74
471,Kinnaur,Fengal,2011,10959,1111,1566,15.74
472,Kinnaur,Red Fuji,2012,100073,1543,1456,17.87
473,Kinnaur,Lonas Gold,2012,7770,1543,1456,17.87
474,Kinnaur,Mongedy,2012,69381,1543,1456,17.87
475,Kinnaur,Royal Delicious,2012,7703,1543,1456,17.87
476,Kinnaur,Granny Smith,2012,998,1543,1456,17.87
477,Kinnaur,Kashmir Apple,2012,1641,1543,1456,17.87
478,Kinnaur,Ambrosia,2012,52954,1543,1456,17.87
479,Kinnaur,Fengal,2012,11258,1543,1456,17.87
480,Kinnaur,Red Fuji,2013,140517,1453,1654,15.55
481,Kinnaur,Lonas Gold,2013,9467,1453,1654,15.55
482,Kinnaur,Mongedy,2013,63303,1453,1654,15.55
483,Kinnaur,Royal Delicious,2013,12744,1453,1654,15.55
484,Kinnaur,Granny Smith,2013,2415,1453,1654,15.55
485,Kinnaur,Kashmir Apple,2013,4405,1453,1654,15.55
486,Kinnaur,Ambrosia,2013,73409,1453,1654,15.55
487,Kinnaur,Fengal,2013,9022,1453,1654,15.55
488,Kinnaur,Royal Delicious,2014,23142,1421,1765,14.89
489,Kinnaur,Red Fuji,2014,24352,1421,1765,14.89
490,Kinnaur,Fengal,2014,35464,1421,1765,14.89
491,Kinnaur,Granny Smith,2014,65732,1421,1765,14.89
492,Kinnaur,Royal Delicious,2015,65472,1321,1876,12.58
493,Kinnaur,Fengal,2015,4532,1321,1876,12.58
494,Kinnaur,Granny Smith,2015,52822,1321,1876,12.58
495,Kinnaur,Ambrosia,2015,87263,1321,1876,12.58
496,Kinnaur,Royal Delicious,2016,51312,1466,1918,18.76
497,Kinnaur,Ambrosia,2016,54263,1466,1918,18.76
498,Kinnaur,Fengal,2016,37452,1466,1918,18.76
499,Kinnaur,Lonas Gold,2016,37452,1466,1918,18.76
500,Kinnaur,Royal Delicious,2017,826342,1654,1992,11.54
501,Kinnaur,Mongedy,2017,71534,1654,1992,11.54
502,Kinnaur,Lonas Gold,2017,15263,1654,1992,11.54
503,Kinnaur,Granny Smith,2017,637422,1654,1992,11.54
504,Kinnaur,Royal Delicious,2018,6243,1765,1987,14.76
505,Kinnaur,Red Fuji,2018,3526,1765,1987,14.76
506,Kinnaur,Fengal,2018,8452,1765,1987,14.76
507,Kinnaur,Granny Smith,2018,36372,1765,1987,14.76
508,Kinnaur,Royal Delicious,2019,8262,1453,1956,15.76
509,Kinnaur,Red Fuji,2019,38352,1453,1956,15.76
510,Kinnaur,Fengal,2019,6242,1453,1956,15.76
511,Kinnaur,Mongedy,2019,25269,1453,1956,15.76
512,Kinnaur,Royal Delicious,2020,25353,1211,1976,13.47
513,Kinnaur,Lonas Gold,2020,6468,1211,1976,13.47
514,Kinnaur,Mongedy,2020,8364,1211,1976,13.47
515,Kinnaur,Fengal,2020,47482,1211,1976,13.47
516,Kinnaur,Royal Delicious,2021,8532,1342,2022,19.08
517,Kinnaur,Red Fuji,2021,3357,1342,2022,19.08
518,Kinnaur,Fengal,2021,6372,1342,2022,19.08
519,Kinnaur,Royal Delicious,2022,2753,1421,2003,18.99
520,Kinnaur,Fengal,2022,27393,1421,2003,18.99
521,Kinnaur,Granny Smith,2022,6242,1421,2003,18.99
522,Kinnaur,Ambrosia,2022,36242,1421,2003,18.99
523,Kinnaur,Royal Delicious,2023,2543,1455,2032,19.08
524,Kinnaur,Ambrosia,2023,26342,1455,2032,19.08
525,Kinnaur,Granny Smith,2023,36242,1455,2032,19.08
526,Kinnaur,Kashmir Apple,2023,2523,1455,2032,19.08
527,Mandi,Royal Delicious,1990,202747,591,26156,17.67
528,Mandi,Granny Smith,1990,36709,591,26156,17.67
529,Mandi,Kashmir Apple,1990,28116,591,26156,17.46
530,Mandi,Ambrosia,1990,21566,591,26156,17.67
531,Mandi,Fengal,1990,131864,591,26156,17.46
532,Mandi,Lonas Gold,1991,100000,654,26156,17.86
533,Mandi,Mongedy,1991,40444,654,26156,17.64
534,Mandi,Red Fuji,1991,18972,654,26156,17.64
535,Mandi,Lonas Gold,1992,100000,678,26156,17.51
536,Mandi,Mongedy,1992,45237,678,26156,17.51
537,Mandi,Royal Delicious,1992,199039,678,26156,17.09
538,Mandi,Granny Smith,1992,52075,678,26156,17.51
539,Mandi,Red Fuji,1992,21809,678,26156,17.51
540,Mandi,Lonas Gold,1993,100000,765,26156,17.32
541,Mandi,Mongedy,1993,43552,765,26156,17.53
542,Mandi,Royal Delicious,1993,210314,765,26156,17.32
543,Mandi,Red Fuji,1993,23272,765,26156,17.53
544,Mandi,Lonas Gold,1994,100000,876,30195,18.17
545,Mandi,Mongedy,1994,42371,876,30195,18.31
546,Mandi,Royal Delicious,1994,230166,876,30195,18.17
547,Mandi,Ambrosia,1994,20386,876,30195,18.31
548,Mandi,Fengal,1994,176667,876,30195,18.17
549,Mandi,Red Fuji,1994,20237,876,30195,18.31
550,Mandi,Lonas Gold,1995,100000,865,37842,17.74
551,Mandi,Mongedy,1995,45223,865,37842,17.62
552,Mandi,Royal Delicious,1995,274272,865,37842,17.74
553,Mandi,Granny Smith,1995,50306,865,37842,17.62
554,Mandi,Lonas Gold,1996,100000,910,54595,17.64
555,Mandi,Mongedy,1996,40397,910,54595,17.97
556,Mandi,Royal Delicious,1996,228877,910,54595,17.64
557,Mandi,Fengal,1996,170000,910,54595,17.64
558,Mandi,Red Fuji,1996,19344,910,54595,17.97
559,Mandi,Lonas Gold,1997,100000,919,77691,18.29
560,Mandi,Mongedy,1997,45557,919,77691,18.54
561,Mandi,Royal Delicious,1997,268502,919,77691,18.29
562,Mandi,Fengal,1997,145662,919,77691,18.29
563,Mandi,Red Fuji,1997,22426,919,77691,18.54
564,Mandi,Lonas Gold,1998,100000,1011,62397,17.23
565,Mandi,Mongedy,1998,60780,1011,62397,17.52
566,Mandi,Ambrosia,1998,26937,1011,62397,17.52
567,Mandi,Fengal,1998,175055,1011,62397,17.23
568,Mandi,Red Fuji,1998,26088,1011,62397,17.52
569,Mandi,Lonas Gold,1999,100000,1123,62831.39,17.15
570,Mandi,Mongedy,1999,53702,1123,62831.39,17.71
571,Mandi,Royal Delicious,1999,238938,1123,62831.39,17.15
572,Mandi,Granny Smith,1999,57337,1123,62831.39,17.71
573,Mandi,Kashmir Apple,1999,43845,1123,62831.39,17.15
574,Mandi,Red Fuji,1999,23028,1123,62831.39,17.15
575,Mandi,Lonas Gold,2000,100000,1198,63265.78,17.66
576,Mandi,Mongedy,2000,54329,1198,63265.78,16.98
577,Mandi,Royal Delicious,2000,53426,1198,67898,16.98
578,Mandi,Red Fuji,2000,46453,1198,67898,16.98
579,Mandi,Royal Delicious,2001,63563,1205,67898,17.98
580,Mandi,Red Fuji,2001,47463,1205,67898,17.98
581,Mandi,Granny Smith,2001,454,1205,67898,17.98
582,Mandi,Kashmir Apple,2001,37252,1205,67898,17.98
583,Mandi,Royal Delicious,2002,476,1365,68976,16.89
584,Mandi,Kashmir Apple,2002,48464,1365,68976,16.89
585,Mandi,Mongedy,2002,8564,1365,68976,16.89
586,Mandi,Lonas Gold,2002,784530,1365,68976,16.89
587,Mandi,Fengal,2002,39575,1365,68976,15.78
588,Mandi,Royal Delicious,2003,874639,1456,69876,15.78
589,Mandi,Kashmir Apple,2003,38463,1456,69876,15.78
590,Mandi,Red Fuji,2003,483638,1456,69876,15.78
591,Mandi,Fengal,2003,3864,1456,69876,15.78
592,Mandi,Granny Smith,2003,37354,1456,69876,15.78
593,Mandi,Royal Delicious,2004,3856,1543,69089,15.67
594,Mandi,Mongedy,2004,83653,1543,69089,15.67
595,Mandi,Kashmir Apple,2004,38563,1543,69089,15.67
596,Mandi,Red Fuji,2004,38463,1543,69089,15.67
597,Mandi,Royal Delicious,2005,373528,1543,69543,15.67
598,Mandi,Granny Smith,2005,3725,1543,69543,17.89
599,Mandi,Kashmir Apple,2005,5786,1543,69543,17.89
600,Mandi,Ambrosia,2005,6759,1543,69543,17.89
601,Mandi,Mongedy,2005,4844,1543,69543,18.65
602,Mandi,Royal Delicious,2006,9476,1653,70987,18.65
603,Mandi,Granny Smith,2006,76399,1653,70987,18.65
604,Mandi,Ambrosia,2006,3875,1653,70987,18.65
605,Mandi,Red Fuji,2006,4864,1653,70987,18.65
606,Mandi,Royal Delicious,2007,9743,1876,71234,16.56
607,Mandi,Granny Smith,2007,9574,1876,71234,18.65
608,Mandi,Ambrosia,2007,9373,1876,71234,18.65
609,Mandi,Fengal,2007,485,1876,71234,18.65
610,Mandi,Royal Delicious,2008,983,2453,71267,15.89
611,Mandi,Kashmir Apple,2008,9372,2453,71267,18.65
612,Mandi,Ambrosia,2008,9372,2453,71267,18.65
613,Mandi,Fengal,2008,9743,2453,71267,18.65
614,Mandi,Royal Delicious,2009,9483,2342,76543,18.65
615,Mandi,Fengal,2009,9383,2342,76543,18.65
616,Mandi,Granny Smith,2009,5930,2342,76543,18.65
617,Mandi,Red Fuji,2009,3957,2342,76543,18.65
618,Mandi,Royal Delicious,2010,37584,2543,73452,18.65
619,Mandi,Lonas Gold,2010,9834,2543,73452,18.65
620,Mandi,Mongedy,2010,3863,2543,73452,18.65
621,Mandi,Kashmir Apple,2010,9843,2543,73452,18.65
622,Mandi,Royal Delicious,2011,8734,2765,76890,15.89
623,Mandi,Ambrosia,2011,3874,2765,76890,15.89
624,Mandi,Lonas Gold,2011,39733,2765,76890,15.89
625,Mandi,Mongedy,2011,82645,2765,76890,15.89
626,Mandi,Red Fuji,2011,93855,2765,76890,15.89
627,Mandi,Royal Delicious,2012,87345,3456,78650,17.89
628,Mandi,Red Fuji,2012,8365,3456,78650,17.89
629,Mandi,Mongedy,2012,8362,3456,78650,17.89
630,Mandi,Lonas Gold,2012,38462,3456,78650,17.89
631,Mandi,Granny Smith,2012,7254,3456,78650,17.89
632,Mandi,Royal Delicious,2013,9845,3765,79087,18.76
633,Mandi,Red Fuji,2013,4874,3765,79087,18.76
634,Mandi,Granny Smith,2013,8763,3765,79087,18.76
635,Mandi,Lonas Gold,2013,753,3765,79087,18.76
636,Mandi,Mongedy,2013,9763,3765,79087,18.76
637,Mandi,Royal Delicious,2014,76234,3421,80987,16.98
638,Mandi,Granny Smith,2014,7543,3421,80987,16.98
639,Mandi,Lonas Gold,2014,87623,3421,80987,16.98
640,Mandi,Mongedy,2014,6542,3421,80987,16.98
641,Mandi,Red Fuji,2014,8724,3421,80987,16.98
642,Mandi,Royal Delicious,2015,76234,4321,81456,17.78
643,Mandi,Ambrosia,2015,3534,4321,81456,17.78
644,Mandi,Lonas Gold,2015,8753,4321,81456,17.78
645,Mandi,Granny Smith,2015,8745,4321,81456,17.78
646,Mandi,Red Fuji,2015,8734,4321,81456,17.78
647,Mandi,Royal Delicious,2016,9856,5643,83214,16.98
648,Mandi,Kashmir Apple,2016,9845,5643,83214,16.98
649,Mandi,Ambrosia,2016,8374,5643,83214,16.98
650,Mandi,Red Fuji,2016,57644,5643,83214,16.98
651,Mandi,Granny Smith,2016,83645,5643,83214,16.98
652,Mandi,Royal Delicious,2017,82730,5897,86546,13.89
653,Mandi,Kashmir Apple,2017,28058,5897,86546,13.89
654,Mandi,Ambrosia,2017,98505,5897,86546,13.89
655,Mandi,Lonas Gold,2017,203876,5897,86546,13.89
656,Mandi,Mongedy,2017,93759,5897,86546,13.89
657,Mandi,Royal Delicious,2018,95923,6543,84530,16.89
658,Mandi,Red Fuji,2018,9235,6543,84530,16.89
659,Mandi,Granny Smith,2018,435,6543,84530,16.89
660,Mandi,Kashmir Apple,2018,987,6543,84530,16.89
661,Mandi,Ambrosia,2018,356,6543,84530,16.89
662,Mandi,Royal Delicious,2019,285,6741,87689,19.76
663,Mandi,Fengal,2019,765,6741,87689,19.76
664,Mandi,Granny Smith,2019,8752,6741,87689,19.76
665,Mandi,Lonas Gold,2019,37452,6741,87689,19.76
666,Mandi,Mongedy,2019,62445,6741,87689,19.76
667,Mandi,Royal Delicious,2020,75244,6987,86741,18.79
668,Mandi,Lonas Gold,2020,57954,6987,86741,18.79
669,Mandi,Mongedy,2020,83765,6987,86741,18.79
670,Mandi,Red Fuji,2020,76283,6987,86741,18.79
671,Mandi,Mongedy,2020,82645,6987,86741,18.79
672,Mandi,Royal Delicious,2021,67204,6543,87890,18.96
673,Mandi,Red Fuji,2021,97244,6543,87890,18.96
674,Mandi,Lonas Gold,2021,75245,6543,87890,18.96
675,Mandi,Mongedy,2021,872934,6543,87890,18.96
676,Mandi,Kashmir Apple,2021,98024,6543,87890,18.96
677,Mandi,Royal Delicious,2022,76524,7876,88761,17.98
678,Mandi,Kashmir Apple,2022,76234,7876,88761,17.98
679,Mandi,Ambrosia,2022,672934,7876,88761,17.98
680,Mandi,Granny Smith,2022,72524,7876,88761,17.98
681,Mandi,Red Fuji,2022,275134,7876,88761,17.98
682,Mandi,Royal Delicious,2023,257824,7658,90876,19.99
683,Mandi,Kashmir Apple,2023,76242,7658,90876,19.99
684,Mandi,Granny Smith,2023,86524,7658,90876,19.99
685,Mandi,Lonas Gold,2023,864,7658,90876,19.99
686,Mandi,Mongedy,2023,7892,7658,90876,19.99
687,Solan,Royal Delicious,1990,5263,234,389,15.9
688,Solan,Red Fuji,1990,6273,234,389,15.9
689,Solan,Fengal,1990,6242,234,389,15.9
690,Solan,Royal Delicious,1991,2689,345,421,16.8
691,Solan,Granny Smith,1991,789,345,421,16.8
692,Solan,Ambrosia,1991,9262,345,421,16.8
693,Solan,Kashmir Apple,1991,2652,345,421,16.8
694,Solan,Red Fuji,1992,32344,562,467,19.99
695,Solan,Lonas Gold,1992,111301,562,467,19.99
696,Solan,Royal Delicious,1992,21600,562,467,19.99
697,Solan,Granny Smith,1993,32261,598,498,16.98
698,Solan,Lonas Gold,1993,134416,598,498,16.98
699,Solan,Royal Delicious,1993,22257,598,498,16.98
700,Solan,Granny Smith,1994,32667,654,543,16.71
701,Solan,Lonas Gold,1994,131195,654,543,16.71
702,Solan,Royal Delicious,1994,17842,654,543,16.71
703,Solan,Granny Smith,1995,18261,897,567,16.56
704,Solan,Lonas Gold,1995,131196,897,567,16.56
705,Solan,Royal Delicious,1995,25480,897,567,16.56
706,Solan,Granny Smith,1996,22239,899,698,16.45
707,Solan,Lonas Gold,1996,129626,899,698,16.45
708,Solan,Royal Delicious,1996,23569,899,698,16.45
709,Solan,Granny Smith,1997,45548,914,701,17.67
710,Solan,Lonas Gold,1997,109362,914,701,17.67
711,Solan,Royal Delicious,1997,17009,914,701,17.67
712,Solan,Granny Smith,1998,26082,934,754,18.96
713,Solan,Lonas Gold,1998,134409,934,754,18.96
714,Solan,Royal Delicious,1998,20651,934,754,18.96
715,Solan,Granny Smith,1999,40303,956,765,15.78
716,Solan,Lonas Gold,1999,130618,956,765,15.78
717,Solan,Royal Delicious,1999,19466,956,765,15.78
718,Solan,Granny Smith,2000,23178,976,789,14.89
719,Solan,Lonas Gold,2000,87349,976,789,14.89
720,Solan,Royal Delicious,2000,16679,976,789,14.89
721,Solan,Granny Smith,2001,37913,987,798,15.78
722,Solan,Lonas Gold,2001,114619,987,798,15.78
723,Solan,Royal Delicious,2001,22263,987,798,15.78
724,Solan,Granny Smith,2002,37380,999,897,17.89
725,Solan,Lonas Gold,2002,122814,999,897,17.89
726,Solan,Royal Delicious,2002,23877,999,897,17.89
727,Solan,Royal Delicious,2003,4532,1342,899,17.98
728,Solan,Red Fuji,2003,3527,1342,899,17.98
729,Solan,Kashmir Apple,2003,35472,1342,899,17.98
730,Solan,Fengal,2003,2673,1342,899,17.98
731,Solan,Granny Smith,2004,61791,1454,923,18.96
732,Solan,Lonas Gold,2004,161509,1454,923,18.96
733,Solan,Royal Delicious,2004,23416,1454,923,18.96
734,Solan,Granny Smith,2005,44692,1657,934,17.22
735,Solan,Lonas Gold,2005,164459,1657,934,17.22
736,Solan,Royal Delicious,2005,20252,1657,934,17.22
737,Solan,Granny Smith,2006,33271,1689,956,16.87
738,Solan,Lonas Gold,2006,163418,1689,956,16.87
739,Solan,Royal Delicious,2006,14627,1689,956,16.87
740,Solan,Granny Smith,2007,53262,1780,978,18.54
741,Solan,Lonas Gold,2007,184719,1780,978,18.54
742,Solan,Royal Delicious,2007,25837,1780,978,18.54
743,Solan,Granny Smith,2008,53424,1879,999,18.93
744,Solan,Lonas Gold,2008,189096,1879,999,18.93
745,Solan,Royal Delicious,2008,24322,1879,999,18.93
746,Solan,Granny Smith,2009,57763,1987,1021,18.97
747,Solan,Lonas Gold,2009,185496,1987,1021,18.97
748,Solan,Royal Delicious,2009,22374,1987,1021,18.97
749,Solan,Granny Smith,2010,46724,2003,1123,19.53
750,Solan,Lonas Gold,2010,170146,2003,1123,19.53
751,Solan,Royal Delicious,2010,21192,2003,1123,19.53
752,Solan,Granny Smith,2011,54257,2099,1234,16.78
753,Solan,Lonas Gold,2011,194426,2099,1234,16.78
754,Solan,Royal Delicious,2011,28800,2099,1234,16.78
755,Solan,Granny Smith,2012,62215,2134,1345,16.89
756,Solan,Lonas Gold,2012,207151,2134,1345,16.89
757,Solan,Royal Delicious,2012,26010,2134,1345,16.89
758,Solan,Granny Smith,2013,67114,2345,1453,18.31
759,Solan,Lonas Gold,2013,215290,2345,1453,18.31
760,Solan,Royal Delicious,2013,31273,2345,1453,18.31
761,Solan,Royal Delicious,2014,43627,2453,1546,17.65
762,Solan,Fengal,2014,73654,2453,1546,17.65
763,Solan,Granny Smith,2014,64538,2453,1546,17.65
764,Solan,Royal Delicious,2015,674,2567,1654,14.89
765,Solan,Red Fuji,2015,5648,2567,1654,14.89
766,Solan,Kashmir Apple,2015,3754,2567,1654,14.89
767,Solan,Royal Delicious,2016,74539,2678,1678,18.98
768,Solan,Ambrosia,2016,7452,2678,1678,18.98
769,Solan,Lonas Gold,2016,5263,2678,1678,18.98
770,Solan,Royal Delicious,2017,8453,2789,1789,15.67
771,Solan,Mongedy,2017,637,2789,1789,15.67
772,Solan,Kashmir Apple,2017,6735,2789,1789,15.67
773,Solan,Royal Delicious,2018,654,2875,1890,14.98
774,Solan,Granny Smith,2018,8763,2875,1890,14.98
775,Solan,Fengal,2018,5432,2875,1890,14.98
776,Solan,Royal Delicious,2019,6523,2890,1919,16.89
777,Solan,Red Fuji,2019,6754,2890,1919,16.89
778,Solan,Granny Smith,2019,5424,2890,1919,16.89
779,Solan,Royal Delicious,2020,7643,2980,1987,18.78
780,Solan,Mongedy,2020,6784,2980,1987,18.78
781,Solan,Granny Smith,2020,7865,2980,1987,18.78
782,Solan,Royal Delicious,2021,7648,3083,1990,16.97
783,Solan,Kashmir Apple,2021,7839,3083,1990,16.97
784,Solan,Red Fuji,2021,8553,3083,1990,16.97
785,Solan,Royal Delicious,2022,7865,3183,2003,17.45
786,Solan,Mongedy,2022,7643,3183,2003,17.45
787,Solan,Lonas Gold,2022,8653,3183,2003,17.45
788,Solan,Royal Delicious,2023,8975,3567,2024,19.76
789,Solan,Ambrosia,2023,8232,3567,2024,19.76
790,Solan,Kashmir Apple,2023,7654,3567,2024,19.76
791,Solan,Red Fuji,2023,7862,3567,2024,19.76
792,Sirmaur,Royal Delicious,1990,7654,345,479,14.7
793,Sirmaur,Red Fuji,1990,45789,345,479,14.7
794,Sirmaur,Fengal,1990,7689,345,479,14.7
795,Sirmaur,Kashmir Apple,1990,8765,345,479,14.7
796,Sirmaur,Royal Delicious,1991,1234,378,569,16.6
797,Sirmaur,Granny Smith,1991,637476,378,569,16.6
798,Sirmaur,Lonas Gold,1991,36758,378,569,16.6
799,Sirmaur,Mongedy,1991,87254,378,569,16.6
800,Sirmaur,Royal Delicious,1992,52647,421,675,16.76
801,Sirmaur,Red Fuji,1992,62543,421,675,16.76
802,Sirmaur,Granny Smith,1992,6273,421,675,16.76
803,Sirmaur,Ambrosia,1992,7264,421,675,16.76
804,Sirmaur,Royal Delicious,1993,51413,443,687,16.34
805,Sirmaur,Granny Smith,1993,64739,443,687,16.34
806,Sirmaur,Red Fuji,1993,72645,443,687,16.34
807,Sirmaur,Lonas Gold,1993,726374,443,687,16.34
808,Sirmaur,Royal Delicious,1994,6324,456,694,16.87
809,Sirmaur,Kashmir Apple,1994,6273,456,694,16.87
810,Sirmaur,Ambrosia,1994,6523,456,694,16.87
811,Sirmaur,Mongedy,1994,61723,456,694,16.87
812,Sirmaur,Royal Delicious,1995,24257,476,765,14.97
813,Sirmaur,Red Fuji,1995,74635,476,765,14.97
814,Sirmaur,Kashmir Apple,1995,6745,476,765,14.97
815,Sirmaur,Lonas Gold,1995,7683,476,765,14.97
816,Sirmaur,Royal Delicious,1996,5678,487,798,15.75
817,Sirmaur,Mongedy,1996,6152,487,798,15.75
818,Sirmaur,Lonas Gold,1996,7897,487,798,15.75
819,Sirmaur,Ambrosia,1996,65432,487,798,15.75
820,Sirmaur,Royal Delicious,1997,87654,498,831,15.89
821,Sirmaur,Red Fuji,1997,87654,498,831,15.89
822,Sirmaur,Fengal,1997,9872,498,831,15.89
823,Sirmaur,Granny Smith,1997,87527,498,831,15.89
824,Sirmaur,Royal Delicious,1998,2345,532,854,15.31
825,Sirmaur,Fengal,1998,6512,532,854,15.31
826,Sirmaur,Granny Smith,1998,9387,532,854,15.31
827,Sirmaur,Mongedy,1998,32894,532,854,15.31
828,Sirmaur,Royal Delicious,1999,9816,567,885,14.87
829,Sirmaur,Mongedy,1999,9822,567,885,14.87
830,Sirmaur,Lonas Gold,1999,5643,567,885,14.87
831,Sirmaur,Fengal,1999,5733,567,885,14.87
832,Sirmaur,Royal Delicious,2000,5673,598,894,14.89
833,Sirmaur,Fengal,2000,2453,598,894,14.89
834,Sirmaur,Red Fuji,2000,67845,598,894,14.89
835,Sirmaur,Lonas Gold,2000,3665,598,894,14.89
836,Sirmaur,Royal Delicious,2001,7522,729,961,13.98
837,Sirmaur,Kashmir Apple,2001,7544,729,961,13.98
838,Sirmaur,Ambrosia,2001,8759,729,961,13.98
839,Sirmaur,Red Fuji,2001,9875,729,961,13.98
840,Sirmaur,Royal Delicious,2002,4565,1029,1290,16.56
841,Sirmaur,Fengal,2002,5342,1029,1290,16.56
842,Sirmaur,Granny Smith,2002,8765,1029,1290,16.56
843,Sirmaur,Ambrosia,2002,9875,1029,1290,16.56
844,Sirmaur,Royal Delicious,2003,7843,1128,1319,15.97
845,Sirmaur,Ambrosia,2003,9867,1128,1319,15.97
846,Sirmaur,Fengal,2003,8769,1128,1319,15.97
847,Sirmaur,Granny Smith,2003,9867,1128,1319,15.97
848,Sirmaur,Royal Delicious,2004,8976,1324,1432,15.45
849,Sirmaur,Granny Smith,2004,3456,1324,1432,15.45
850,Sirmaur,Fengal,2004,7647,1324,1432,15.45
851,Sirmaur,Red Fuji,2004,9869,1324,1432,15.45
852,Sirmaur,Royal Delicious,2005,8685,1543,1458,15.87
853,Sirmaur,Ambrosia,2005,9865,1543,1458,15.87
854,Sirmaur,Fengal,2005,9865,1543,1458,15.87
855,Sirmaur,Granny Smith,2005,5667,1543,1458,15.87
856,Sirmaur,Royal Delicious,2006,8666,1674,1534,16.87
857,Sirmaur,Lonas Gold,2006,8783,1674,1534,16.87
858,Sirmaur,Mongedy,2006,9875,1674,1534,16.87
859,Sirmaur,Red Fuji,2006,9853,1674,1534,16.87
860,Sirmaur,Royal Delicious,2007,25474,1784,1598,16.45
861,Sirmaur,Kashmir Apple,2007,8928,1784,1598,16.45
862,Sirmaur,Ambrosia,2007,3289,1784,1598,16.45
863,Sirmaur,Granny Smith,2007,2383,1784,1598,16.45
864,Sirmaur,Royal Delicious,2008,8653,1876,1643,15.87
865,Sirmaur,Lonas Gold,2008,9863,1876,1643,15.87
866,Sirmaur,Mongedy,2008,9763,1876,1643,15.87
867,Sirmaur,Ambrosia,2008,6724,1876,1643,15.87
868,Sirmaur,Royal Delicious,2009,4658,1980,1765,15.45
869,Sirmaur,Red Fuji,2009,6533,1980,1765,15.45
870,Sirmaur,Lonas Gold,2009,2364,1980,1765,15.45
871,Sirmaur,Mongedy,2009,8855,1980,1765,15.45
872,Sirmaur,Royal Delicious,2010,7823,2349,1876,17.01
873,Sirmaur,Red Fuji,2010,9236,2349,1876,17.01
874,Sirmaur,Granny Smith,2010,2378,2349,1876,17.01
875,Sirmaur,Ambrosia,2010,8723,2349,1876,17.01
876,Sirmaur,Royal Delicious,2011,8723,2458,1881,13.76
877,Sirmaur,Lonas Gold,2011,2386,2458,1881,13.76
878,Sirmaur,Mongedy,2011,8237,2458,1881,13.76
879,Sirmaur,Granny Smith,2011,2837,2458,1881,13.76
880,Sirmaur,Royal Delicious,2012,8464,2671,1896,14.75
881,Sirmaur,Mongedy,2012,2364,2671,1896,14.75
882,Sirmaur,Fengal,2012,2464,2671,1896,14.75
883,Sirmaur,Granny Smith,2012,2938,2671,1896,14.75
884,Sirmaur,Royal Delicious,2013,9486,2876,1919,16.78
885,Sirmaur,Fengal,2013,2386,2876,1919,16.78
886,Sirmaur,Granny Smith,2013,2396,2876,1919,16.78
887,Sirmaur,Ambrosia,2013,2936,2876,1919,16.78
888,Sirmaur,Royal Delicious,2014,4213,2947,1949,17.9
889,Sirmaur,Ambrosia,2014,3876,2947,1949,17.9
890,Sirmaur,Red Fuji,2014,48723,2947,1949,17.9
891,Sirmaur,Fengal,2014,7843,2947,1949,17.9
892,Sirmaur,Royal Delicious,2015,7354,3123,2012,18.02
893,Sirmaur,Lonas Gold,2015,62354,3123,2012,18.02
894,Sirmaur,Mongedy,2015,82752,3123,2012,18.02
895,Sirmaur,Ambrosia,2015,27835,3123,2012,18.02
896,Sirmaur,Royal Delicious,2016,82735,3476,2094,14.87
897,Sirmaur,Fengal,2016,263754,3476,2094,14.87
898,Sirmaur,Granny Smith,2016,2762,3476,2094,14.87
899,Sirmaur,Lonas Gold,2016,8254,3476,2094,14.87
900,Sirmaur,Royal Delicious,2017,2742,3578,2121,16.89
901,Sirmaur,Granny Smith,2017,2452,3578,2121,16.89
902,Sirmaur,Red Fuji,2017,28754,3578,2121,16.89
903,Sirmaur,Fengal,2017,24852,3578,2121,16.89
904,Sirmaur,Royal Delicious,2018,23542,3891,2138,19.01
905,Sirmaur,Lonas Gold,2018,28742,3891,2138,19.01
906,Sirmaur,Mongedy,2018,28745,3891,2138,19.01
907,Sirmaur,Red Fuji,2018,28742,3891,2138,19.01
908,Sirmaur,Royal Delicious,2019,28451,3901,2241,17.56
909,Sirmaur,Fengal,2019,24622,3901,2241,17.56
910,Sirmaur,Ambrosia,2019,28746,3901,2241,17.56
911,Sirmaur,Kashmir Apple,2019,82742,3901,2241,17.56
912,Sirmaur,Royal Delicious,2020,2946,4015,2339,16.9
913,Sirmaur,Mongedy,2020,2474,4015,2339,16.9
914,Sirmaur,Lonas Gold,2020,6745,4015,2339,16.9
915,Sirmaur,Red Fuji,2020,8344,4015,2339,16.9
916,Sirmaur,Royal Delicious,2021,8854,2930,2345,16.87
917,Sirmaur,Fengal,2021,6754,2930,2345,16.87
918,Sirmaur,Granny Smith,2021,4785,2930,2345,16.87
919,Sirmaur,Red Fuji,2021,9824,2930,2345,16.87
920,Sirmaur,Royal Delicious,2022,98452,3421,2890,17.96
921,Sirmaur,Ambrosia,2022,29486,3421,2890,17.96
922,Sirmaur,Kashmir Apple,2022,2894,3421,2890,17.96
923,Sirmaur,Granny Smith,2022,29846,3421,2890,17.96
924,Sirmaur,Royal Delicious,2023,28742,3298,3123,18.52
925,Sirmaur,Granny Smith,2023,2875,3298,3123,18.52
926,Sirmaur,Fengal,2023,2524,3298,3123,18.52
927,Sirmaur,Red Fuji,2023,28452,3298,3123,18.52
928,Sirmaur,Mongedy,2023,2754,3298,3123,18.52
929,Lahul and Spiti,Royal Delicious,1990,3543,1098,435,13.46
930,Lahul and Spiti,Fengal,1990,2543,1098,435,13.46
931,Lahul and Spiti,Granny Smith,1990,2754,1098,435,13.46
932,Lahul and Spiti,Kashmir Apple,1990,2485,1098,435,13.46
933,Lahul and Spiti,Royal Delicious,1991,5365,1653,458,15.67
934,Lahul and Spiti,Red Fuji,1991,3596,1653,458,15.67
935,Lahul and Spiti,Ambrosia,1991,3563,1653,458,15.67
936,Lahul and Spiti,Lonas Gold,1991,3562,1653,458,15.67
937,Lahul and Spiti,Mongedy,1991,2564,1653,458,15.67
938,Lahul and Spiti,Royal Delicious,1992,2946,1609,478,15.78
939,Lahul and Spiti,Fengal,1992,2948,1609,478,15.78
940,Lahul and Spiti,Granny Smith,1992,2956,1609,478,15.78
941,Lahul and Spiti,Ambrosia,1992,3956,1609,478,15.78
942,Lahul and Spiti,Royal Delicious,1993,2783,1345,490,16.78
943,Lahul and Spiti,Red Fuji,1993,7345,1345,490,16.78
944,Lahul and Spiti,Fengal,1993,2464,1345,490,16.78
945,Lahul and Spiti,Granny Smith,1993,2948,1345,490,16.78
946,Lahul and Spiti,Royal Delicious,1994,2052,1768,545,16.87
947,Lahul and Spiti,Lonas Gold,1994,2952,1768,545,16.87
948,Lahul and Spiti,Red Fuji,1994,2958,1768,545,16.87
949,Lahul and Spiti,Lonas Gold,1994,2958,1768,545,16.87
950,Lahul and Spiti,Royal Delicious,1995,2689,1345,578,16.9
951,Lahul and Spiti,Mongedy,1995,2986,1345,578,16.9
952,Lahul and Spiti,Lonas Gold,1995,2847,1345,578,16.9
953,Lahul and Spiti,Ambrosia,1995,1836,1345,578,16.9
954,Lahul and Spiti,Royal Delicious,1996,1741,1478,591,14.67
955,Lahul and Spiti,Golden Delicious,1996,1401,1478,591,14.67
956,Lahul and Spiti,Red Delicious,1996,1464,1478,591,14.67
957,Lahul and Spiti,Ambrosia,1996,1946,1478,591,14.67
958,Lahul and Spiti,Royal Delicious,1997,1454,1786,609,15.89
959,Lahul and Spiti,Red Fuji,1997,1945,1786,609,15.89
960,Lahul and Spiti,Fengal,1997,1512,1786,609,15.89
961,Lahul and Spiti,Granny Smith,1997,1964,1786,609,15.89
962,Lahul and Spiti,Royal Delicious,1998,1986,1453,617,14.37
963,Lahul and Spiti,Granny Smith,1998,5413,1453,617,14.37
964,Lahul and Spiti,Mongedy,1998,1641,1453,617,14.37
965,Lahul and Spiti,Lonas Gold,1998,1451,1453,617,14.37
966,Lahul and Spiti,Royal Delicious,1999,1948,1092,657,16.89
967,Lahul and Spiti,Red Delicious,1999,8962,1092,657,16.89
968,Lahul and Spiti,Golden Delicious,1999,1461,1092,657,16.89
969,Lahul and Spiti,Lonas Gold,1999,4986,1092,657,16.89
970,Lahul and Spiti,Royal Delicious,2000,2598,1543,689,14.78
971,Lahul and Spiti,Mongedy,2000,2056,1543,689,14.78
972,Lahul and Spiti,Fengal,2000,2485,1543,689,14.78
973,Lahul and Spiti,Ambrosia,2000,2845,1543,689,14.78
974,Lahul and Spiti,Royal Delicious,2001,2946,1653,745,17.54
975,Lahul and Spiti,Kashmir Apple,2001,2459,1653,745,17.54
976,Lahul and Spiti,Mongedy,2001,7953,1653,745,17.54
977,Lahul and Spiti,Ambrosia,2001,3635,1653,745,17.54
978,Lahul and Spiti,Royal Delicious,2002,3563,789,798,13.56
979,Lahul and Spiti,Fengal,2002,3683,789,798,13.56
980,Lahul and Spiti,Golden Delicious,2002,3065,789,798,13.56
981,Lahul and Spiti,Red Delicious,2002,654,789,798,13.56
982,Lahul and Spiti,Royal Delicious,2003,7865,980,899,19.87
983,Lahul and Spiti,Fengal,2003,9862,980,899,19.87
984,Lahul and Spiti,Golden Delicious,2003,6745,980,899,19.87
985,Lahul and Spiti,Mongedy,2003,67485,980,899,19.87
986,Lahul and Spiti,Lonas Gold,2003,7652,980,899,19.87
987,Lahul and Spiti,Kashmir Apple,2004,2982,1110,918,16.9
988,Lahul and Spiti,Ambrosia,2004,16169,1110,918,19.88
989,Lahul and Spiti,Fengal,2004,18879,1110,918,19.99
990,Lahul and Spiti,Lonas Gold,2004,117050,1110,918,17.71
991,Lahul and Spiti,Ambrosia,2005,20000,1234,945,11.79
992,Lahul and Spiti,Fengal,2005,23371,1234,945,14.27
993,Lahul and Spiti,Lonas Gold,2005,117678,1234,945,16.84
994,Lahul and Spiti,Red Delicious,2006,103639,1349,1021,20.08
995,Lahul and Spiti,Mongedy,2006,25368,1349,1021,19.55
996,Lahul and Spiti,Royal Delicious,2006,81953,1349,1021,17.47
997,Lahul and Spiti,Golden Delicious,2006,159033,1349,1021,11.79
998,Lahul and Spiti,Granny Smith,2006,45717,1349,1021,14.27
999,Lahul and Spiti,Kashmir Apple,2006,37000,1349,1021,16.84
1000,Lahul and Spiti,Ambrosia,2006,20000,1349,1021,20.08
1001,Lahul and Spiti,Fengal,2006,15490,1349,1021,19.55
1002,Lahul and Spiti,Lonas Gold,2006,105600,1349,1021,17.47
1003,Lahul and Spiti,Red Delicious,2007,108337,1567,1198,11.79
1004,Lahul and Spiti,Mongedy,2007,27661,1567,1198,14.27
1005,Lahul and Spiti,Royal Delicious,2007,81560,1567,1198,17.39
1006,Lahul and Spiti,Golden Delicious,2007,166986,1567,1198,20.14
1007,Lahul and Spiti,Granny Smith,2007,49020,1567,1198,19.98
1008,Lahul and Spiti,Kashmir Apple,2007,37000,1567,1198,18.09
1009,Lahul and Spiti,Ambrosia,2007,20000,1567,1198,12.19
1010,Lahul and Spiti,Fengal,2007,18709,1567,1198,14.74
1011,Lahul and Spiti,Lonas Gold,2007,104038,1567,1198,17.39
1012,Lahul and Spiti,Red Delicious,2008,109215,1211,1234,20.14
1013,Lahul and Spiti,Mongedy,2008,27712,1211,1234,19.98
1014,Lahul and Spiti,Royal Delicious,2008,81611,1211,1234,18.09
1015,Lahul and Spiti,Golden Delicious,2008,176013,1211,1234,12.19
1016,Lahul and Spiti,Granny Smith,2008,48887,1211,1234,14.74
1017,Lahul and Spiti,Kashmir Apple,2008,37100,1211,1234,17.39
1018,Lahul and Spiti,Ambrosia,2008,21574,1211,1234,20.14
1019,Lahul and Spiti,Fengal,2008,18151,1211,1234,19.98
1020,Lahul and Spiti,Lonas Gold,2008,104870,1211,1234,18.09
1021,Lahul and Spiti,Red Delicious,2009,106899,1549,1345,12.19
1022,Lahul and Spiti,Mongedy,2009,26845,1549,1345,14.74
1023,Lahul and Spiti,Royal Delicious,2009,78714,1549,1345,17.39
1024,Lahul and Spiti,Golden Delicious,2009,183793,1549,1345,20.14
1025,Lahul and Spiti,Granny Smith,2009,46956,1549,1345,19.98
1026,Lahul and Spiti,Kashmir Apple,2009,37000,1549,1345,18.09
1027,Lahul and Spiti,Fengal,2009,16946,1549,1345,8.15
1028,Lahul and Spiti,Lonas Gold,2009,106037,1549,1345,8.15
1029,Lahul and Spiti,Royal Delicious,2010,7622,1678,1453,13.9
1030,Lahul and Spiti,Red Fuji,2010,2485,1678,1453,13.9
1031,Lahul and Spiti,Granny Smith,2010,2353,1678,1453,13.9
1032,Lahul and Spiti,Mongedy,2010,2383,1678,1453,13.9
1033,Lahul and Spiti,Royal Delicious,2011,3875,1323,1564,15.67
1034,Lahul and Spiti,Lonas Gold,2011,2875,1323,1564,15.67
1035,Lahul and Spiti,Ambrosia,2011,42785,1323,1564,15.67
1036,Lahul and Spiti,Kashmir Apple,2011,9543,1323,1564,15.67
1037,Lahul and Spiti,Golden Delicious,2011,2385,1323,1564,15.67
1038,Lahul and Spiti,Royal Delicious,2012,7634,876,1678,15.89
1039,Lahul and Spiti,Lonas Gold,2012,7643,876,1678,15.89
1040,Lahul and Spiti,Mongedy,2012,1374,876,1678,15.89
1041,Lahul and Spiti,Kashmir Apple,2012,8534,876,1678,15.89
1042,Lahul and Spiti,Royal Delicious,2013,6733,909,1789,16.78
1043,Lahul and Spiti,Red Fuji,2013,7643,909,1789,16.78
1044,Lahul and Spiti,Granny Smith,2013,7643,909,1789,16.78
1045,Lahul and Spiti,Lonas Gold,2013,8753,909,1789,16.78
1046,Lahul and Spiti,Royal Delicious,2014,1853,982,1980,16.54
1047,Lahul and Spiti,Mongedy,2014,7853,982,1980,16.54
1048,Lahul and Spiti,Kashmir Apple,2014,7532,982,1980,16.54
1049,Lahul and Spiti,Ambrosia,2014,8431,982,1980,16.54
1050,Lahul and Spiti,Royal Delicious,2015,7543,1543,1992,16.98
1051,Lahul and Spiti,Ambrosia,2015,8413,1543,1992,16.98
1052,Lahul and Spiti,Mongedy,2015,6424,1543,1992,16.98
1053,Lahul and Spiti,Lonas Gold,2015,7643,1543,1992,16.98
1054,Lahul and Spiti,Royal Delicious,2016,6743,1389,2012,14.53
1055,Lahul and Spiti,Fengal,2016,6573,1389,2012,14.53
1056,Lahul and Spiti,Granny Smith,2016,7843,1389,2012,14.53
1057,Lahul and Spiti,Ambrosia,2016,6413,1389,2012,14.53
1058,Lahul and Spiti,Royal Delicious,2017,7643,1654,2025,16.78
1059,Lahul and Spiti,Fengal,2017,6743,1654,2025,16.78
1060,Lahul and Spiti,Granny Smith,2017,7643,1654,2025,16.78
1061,Lahul and Spiti,Ambrosia,2017,7631,1654,2025,16.78
1062,Lahul and Spiti,Royal Delicious,2018,7643,1789,2134,15.43
1063,Lahul and Spiti,Lonas Gold,2018,4731,1789,2134,15.43
1064,Lahul and Spiti,Mongedy,2018,6743,1789,2134,15.43
1065,Lahul and Spiti,Ambrosia,2018,7643,1789,2134,15.43
1066,Lahul and Spiti,Royal Delicious,2019,7643,1870,2500,14.32
1067,Lahul and Spiti,Lonas Gold,2019,7641,1870,2500,14.32
1068,Lahul and Spiti,Kashmir Apple,2019,9834,1870,2500,14.32
1069,Lahul and Spiti,Mongedy,2019,7413,1870,2500,14.32
1070,Lahul and Spiti,Royal Delicious,2020,8674,1980,2678,16.43
1071,Lahul and Spiti,Red Fuji,2020,5841,1980,2678,16.43
1072,Lahul and Spiti,Ambrosia,2020,9581,1980,2678,16.43
1073,Lahul and Spiti,Kashmir Apple,2020,8513,1980,2678,16.43
1074,Lahul and Spiti,Royal Delicious,2021,7867,1389,2789,13.23
1075,Lahul and Spiti,Mongedy,2021,7856,1389,2789,13.23
1076,Lahul and Spiti,Kashmir Apple,2021,8931,1389,2789,13.23
1077,Lahul and Spiti,Lonas Gold,2021,7853,1389,2789,13.23
1078,Lahul and Spiti,Royal Delicious,2022,8659,1278,2897,15.67
1079,Lahul and Spiti,Kashmir Apple,2022,9851,1278,2897,15.67
1080,Lahul and Spiti,Lonas Gold,2022,98633,1278,2897,15.67
1081,Lahul and Spiti,Fengal,2022,78563,1278,2897,15.67
1082,Lahul and Spiti,Royal Delicious,2023,7613,1357,2987,16.55
1083,Lahul and Spiti,Red Delicious,2023,8531,1357,2987,16.55
1084,Lahul and Spiti,Red Fuji,2023,7631,1357,2987,16.55
1085,Lahul and Spiti,Granny Smith,2023,8643,1357,2987,16.55
1086,Chamba,Royal Delicious,1990,6543,1342,457,13.87
1087,Chamba,Fengal,1990,6734,1342,457,13.87
1088,Chamba,Red Fuji,1990,8763,1342,457,13.87
1089,Chamba,Kashmir Apple,1990,7643,1342,457,13.87
1090,Chamba,Royal Delicious,1991,5483,1453,546,15.54
1091,Chamba,Lonas Gold,1991,7652,1453,546,15.54
1092,Chamba,Mongedy,1991,7652,1453,546,15.54
1093,Chamba,Golden Delicious,1991,7645,1453,546,15.54
1094,Chamba,Red Delicious,1991,7634,1453,546,15.54
1095,Chamba,Royal Delicious,1992,4763,1567,564,16.87
1096,Chamba,Kashmir Apple,1992,7357,1567,564,16.87
1097,Chamba,Ambrosia,1992,3498,1567,564,16.87
1098,Chamba,Mongedy,1992,3557,1567,564,16.87
1099,Chamba,Royal Delicious,1993,3956,1229,657,15.98
1100,Chamba,Red Fuji,1993,2455,1229,657,15.98
1101,Chamba,Golden Delicious,1993,9535,1229,657,15.98
1102,Chamba,Granny Smith,1993,7874,1229,657,15.98
1103,Chamba,Royal Delicious,1994,9842,1432,678,16.55
1104,Chamba,Granny Smith,1994,9645,1432,678,16.55
1105,Chamba,Fengal,1994,645,1432,678,16.55
1106,Chamba,Ambrosia,1994,5452,1432,678,16.55
1107,Chamba,Royal Delicious,1995,7424,1234,698,16.55
1108,Chamba,Lonas Gold,1995,6744,1234,698,13.43
1109,Chamba,Mongedy,1995,8542,1234,698,13.43
1110,Chamba,Red Fuji,1995,24644,1234,698,13.43
1111,Chamba,Royal Delicious,1996,5562,2342,734,17.75
1112,Chamba,Lonas Gold,1996,9644,2342,734,17.75
1113,Chamba,Mongedy,1996,28455,2342,734,17.75
1114,Chamba,Ambrosia,1996,82745,2342,734,17.75
1115,Chamba,Royal Delicious,1997,8754,1298,745,16.87
1116,Chamba,Lonas Gold,1997,82745,1298,745,16.87
1117,Chamba,Mongedy,1997,6742,1298,745,16.87
1118,Chamba,Golden Delicious,1997,8754,1298,745,16.87
1119,Chamba,Royal Delicious,1998,542,1111,1021,17.98
1120,Chamba,Granny Smith,1998,2644,1111,1021,17.98
1121,Chamba,Fengal,1998,8274,1111,1021,17.98
1122,Chamba,Ambrosia,1998,8754,1111,1021,17.98
1123,Chamba,Royal Delicious,1999,28745,1098,1123,19.08
1124,Chamba,Granny Smith,1999,2784,1098,1123,19.08
1125,Chamba,Fengal,1999,8754,1098,1123,19.08
1126,Chamba,Ambrosia,1999,2874,1098,1123,19.08
1127,Chamba,Royal Delicious,2000,2964,1789,1567,13.78
1128,Chamba,Kashmir Apple,2000,8946,1789,1567,13.78
1129,Chamba,Fengal,2000,3986,1789,1567,13.78
1130,Chamba,Granny Smith,2000,3986,1789,1567,13.78
1131,Chamba,Royal Delicious,2001,3963,1980,1675,15.78
1132,Chamba,Granny Smith,2001,3966,1980,1675,15.78
1133,Chamba,Lonas Gold,2001,9866,1980,1675,15.78
1134,Chamba,Mongedy,2001,9863,1980,1675,15.78
1135,Chamba,Royal Delicious,2002,39863,987,1786,14.99
1136,Chamba,Ambrosia,2002,8965,987,1786,14.99
1137,Chamba,Kashmir Apple,2002,3986,987,1786,14.99
1138,Chamba,Mongedy,2002,9763,987,1786,14.99
1139,Chamba,Royal Delicious,2003,8963,1345,1874,15.67
1140,Chamba,Red Fuji,2003,9386,1345,1874,15.67
1141,Chamba,Lonas Gold,2003,6873,1345,1874,15.67
1142,Chamba,Kashmir Apple,2003,9865,1345,1874,15.67
1143,Chamba,Royal Delicious,2004,8965,1876,1976,17.88
1144,Chamba,Lonas Gold,2004,9836,1876,1976,17.88
1145,Chamba,Kashmir Apple,2004,3865,1876,1976,17.88
1146,Chamba,Ambrosia,2004,9386,1876,1976,17.88
1147,Chamba,Royal Delicious,2005,3865,1117,1988,13.56
1148,Chamba,Lonas Gold,2005,965,1117,1988,13.56
1149,Chamba,Kashmir Apple,2005,3985,1117,1988,13.56
1150,Chamba,Mongedy,2005,976,1117,1988,13.56
1151,Chamba,Royal Delicious,2006,3986,1345,2034,16.66
1152,Chamba,Ambrosia,2006,3059,1345,2034,16.66
1153,Chamba,Fengal,2006,3985,1345,2034,16.66
1154,Chamba,Granny Smith,2006,93856,1345,2034,16.66
1155,Chamba,Royal Delicious,2007,93586,1665,2435,18.95
1156,Chamba,Red Delicious,2007,6853,1665,2435,18.95
1157,Chamba,Golden Delicious,2007,385,1665,2435,18.95
1158,Chamba,Ambrosia,2007,9563,1665,2435,18.95
1159,Chamba,Royal Delicious,2008,9856,1324,2348,18.98
1160,Chamba,Kashmir Apple,2008,9368,1324,2348,18.98
1161,Chamba,Mongedy,2008,6583,1324,2348,18.98
1162,Chamba,Kashmir Apple,2008,9865,1324,2348,18.98
1163,Chamba,Royal Delicious,2009,9584,1876,2587,14.87
1164,Chamba,Ambrosia,2009,3755,1876,2587,14.87
1165,Chamba,Fengal,2009,3583,1876,2587,14.87
1166,Chamba,Granny Smith,2009,3575,1876,2587,14.87
1167,Chamba,Red Fuji,2010,89331,768,3897,9.49
1168,Chamba,Golden Delicious,2010,172462,768,3984,8.48
1169,Chamba,Granny Smith,2010,41223,768,3984,8.48
1170,Chamba,Kashmir Apple,2010,57069,768,3619,9.89
1171,Chamba,Ambrosia,2010,17152,768,3619,9.89
1172,Chamba,Fengal,2010,17697,768,3402,8.79
1173,Chamba,Lonas Gold,2010,108871,768,3402,8.79
1174,Chamba,Red Delicious,2011,107039,447,3565,7.4
1175,Chamba,Mongedy,2011,28591,447,3565,7.4
1176,Chamba,Royal Delicious,2011,79624,447,3689.6,8.37
1177,Chamba,Golden Delicious,2011,173390,447,3689.6,8.37
1178,Chamba,Granny Smith,2011,39589,447,3340.3,9.01
1179,Chamba,Kashmir Apple,2011,38975,447,3340.3,9.01
1180,Chamba,Ambrosia,2011,21766,447,3418.6,9.17
1181,Chamba,Fengal,2011,15964,447,3418.6,9.17
1182,Chamba,Lonas Gold,2011,111246,447,3563.2,10.08
1183,Chamba,Red Delicious,2012,96365,1021,3563.2,10.08
1184,Chamba,Mongedy,2012,29052,1021,3132.2,8.75
1185,Chamba,Royal Delicious,2012,80883,1021,3132.2,8.75
1186,Chamba,Golden Delicious,2012,181661,1021,3079.2,9.62
1187,Chamba,Granny Smith,2012,48066,1021,3079.2,9.62
1188,Chamba,Kashmir Apple,2012,38191,1021,3301.7,8.76
1189,Chamba,Ambrosia,2012,26639,1021,3301.7,8.76
1190,Chamba,Fengal,2012,15196,1021,3404,8.6
1191,Chamba,Lonas Gold,2012,109759,1021,3404,8.6
1192,Chamba,Red Delicious,2013,99633,1482,3415.7,9.13
1193,Chamba,Mongedy,2013,28246,1482,3415.7,9.13
1194,Chamba,Royal Delicious,2013,84230,1482,3526.6,10.03
1195,Chamba,Golden Delicious,2013,185619,1482,3526.6,10.03
1196,Chamba,Granny Smith,2013,38371,1482,4246.7,9.96
1197,Chamba,Kashmir Apple,2013,32034,1482,4246.7,9.96
1198,Chamba,Ambrosia,2013,27250,1482,3531.8,9.48
1199,Chamba,Fengal,2013,16938,1482,3531.8,9.48
1200,Chamba,Royal Delicious,2014,1276,1765,3678,14.98
1201,Chamba,Red Fuji,2014,7522,1765,3678,14.98
1202,Chamba,Red Delicious,2014,2652,1765,3678,14.98
1203,Chamba,Lonas Gold,2014,27653,1765,3678,14.98
1204,Chamba,Royal Delicious,2015,3852,1328,3786,17.87
1205,Chamba,Lonas Gold,2015,28454,1328,3786,17.87
1206,Chamba,Kashmir Apple,2015,78451,1328,3786,17.87
1207,Chamba,Mongedy,2015,48572,1328,3786,17.87
1208,Chamba,Royal Delicious,2016,87245,1876,3865,15.98
1209,Chamba,Granny Smith,2016,87351,1876,3865,15.98
1210,Chamba,Ambrosia,2016,1851,1876,3865,15.98
1211,Chamba,Red Delicious,2016,18754,1876,3865,15.98
1212,Chamba,Royal Delicious,2017,18751,1908,3987,14.98
1213,Chamba,Lonas Gold,2017,18751,1908,3987,14.98
1214,Chamba,Mongedy,2017,1773,1908,3987,14.98
1215,Chamba,Fengal,2017,8733,1908,3987,14.98
1216,Chamba,Royal Delicious,2018,8634,1768,4013,16.87
1217,Chamba,Fengal,2018,3556,1768,4013,16.87
1218,Chamba,Granny Smith,2018,4664,1768,4013,16.87
1219,Chamba,Ambrosia,2018,2467,1768,4013,16.87
1220,Chamba,Kashmir Apple,2018,4875,1768,4013,16.87
1221,Chamba,Royal Delicious,2019,4755,1230,4098,15.87
1222,Chamba,Lonas Gold,2019,8735,1230,4098,15.87
1223,Chamba,Mongedy,2019,7853,1230,4098,15.87
1224,Chamba,Fengal,2019,3875,1230,4098,15.87
1225,Chamba,Royal Delicious,2020,7358,1324,4112,14.43
1226,Chamba,Lonas Gold,2020,8475,1324,4112,14.43
1227,Chamba,Mongedy,2020,3986,1324,4112,14.43
1228,Chamba,Kashmir Apple,2020,3853,1324,4112,14.43
1229,Chamba,Royal Delicious,2021,3522,1908,4533,16.55
1230,Chamba,Golden Delicious,2021,4875,1908,4533,16.55
1231,Chamba,Red Delicious,2021,2845,1908,4533,16.55
1232,Chamba,Red Fuji,2021,2946,1908,4533,16.55
1233,Chamba,Royal Delicious,2022,2847,934,4655,16.87
1234,Chamba,Lonas Gold,2022,9452,934,4655,16.87
1235,Chamba,Mongedy,2022,2875,934,4655,16.87
1236,Chamba,Kashmir Apple,2022,2497,934,4655,16.87
1237,Chamba,Royal Delicious,2023,8754,1528,4680,14.76
1238,Chamba,Lonas Gold,2023,8734,1528,4680,14.76
1239,Chamba,Kashmir Apple,2023,4782,1528,4680,14.76
1240,Chamba,Mongedy,2023,2948,1528,4680,14.76
1241,Kangra,Fengal,1990,2852,999,56,18.87
1242,Kangra,Royal Delicious,1990,8462,999,56,18.87
1243,Kangra,Lonas Gold,1990,9284,999,56,18.87
1244,Kangra,Kashmir Apple,1990,2986,999,56,18.87
1245,Kangra,Ambrosia,1990,9285,999,56,18.87
1246,Kangra,Royal Delicious,1991,2847,1085,67,16.65
1247,Kangra,Lonas Gold,1991,98246,1085,67,16.65
1248,Kangra,Mongedy,1991,9834,1085,67,16.65
1249,Kangra,Ambrosia,1991,7347,1085,67,16.65
1250,Kangra,Red Delicious,1992,79015,1134,76,15.76
1251,Kangra,Royal Delicious,1992,45214,1134,76,15.76
1252,Kangra,Granny Smith,1992,17593,1134,76,15.76
1253,Kangra,Ambrosia,1992,38967,1134,76,15.76
1254,Kangra,Fengal,1993,44822,1919,87,13.43
1255,Kangra,Lonas Gold,1993,78435,1919,87,13.43
1256,Kangra,Royal Delicious,1993,39320,1919,87,13.43
1257,Kangra,Granny Smith,1993,23084,1919,87,13.43
1258,Kangra,Ambrosia,1993,41867,1919,87,13.43
1259,Kangra,Fengal,1994,45529,1654,89,15.76
1260,Kangra,Lonas Gold,1994,84888,1654,89,15.76
1261,Kangra,Royal Delicious,1994,43162,1654,89,15.76
1262,Kangra,Granny Smith,1994,21594,1654,89,15.76
1263,Kangra,Ambrosia,1994,37823,1654,89,10.03
1264,Kangra,Fengal,1995,49027,1376,93,10.03
1265,Kangra,Lonas Gold,1995,104158,1376,93,10.03
1266,Kangra,Royal Delicious,1995,40301,1376,93,10.93
1267,Kangra,Granny Smith,1995,22852,1376,93,10.93
1268,Kangra,Ambrosia,1995,38605,1376,93,10.93
1269,Kangra,Fengal,1996,52192,1765,99,12.53
1270,Kangra,Lonas Gold,1996,101625,1765,99,12.53
1271,Kangra,Royal Delicious,1996,41101,1765,99,12.53
1272,Kangra,Granny Smith,1996,21857,1765,99,12.53
1273,Kangra,Ambrosia,1996,36905,1765,148.68,12.53
1274,Kangra,Fengal,1997,58802,1856,148.68,10.53
1275,Kangra,Lonas Gold,1997,98123,1856,148.68,10.53
1276,Kangra,Royal Delicious,1997,41797,1856,148.68,10.53
1277,Kangra,Granny Smith,1997,24622,1856,148.68,10.53
1278,Kangra,Ambrosia,1997,40000,1856,148.68,11.32
1279,Kangra,Fengal,1998,52474,1673,176,11.32
1280,Kangra,Lonas Gold,1998,102378,1673,176,11.32
1281,Kangra,Royal Delicious,1998,44046,1673,176,11.32
1282,Kangra,Granny Smith,1998,22772,1673,176,11.32
1283,Kangra,Ambrosia,1998,42214,1673,176,11.32
1284,Kangra,Fengal,1999,55584,1240,187,12.81
1285,Kangra,Lonas Gold,1999,109779,1240,187,12.81
1286,Kangra,Royal Delicious,1999,43581,1240,187,12.81
1287,Kangra,Granny Smith,1999,25003,1240,187,12.81
1288,Kangra,Ambrosia,1999,32976,1240,187,12.81
1289,Kangra,Fengal,2000,40701,447,201,12.81
1290,Kangra,Lonas Gold,2000,84883,447,201,11.96
1291,Kangra,Royal Delicious,2000,43025,447,201,11.96
1292,Kangra,Granny Smith,2000,13752,447,201,11.96
1293,Kangra,Ambrosia,2000,47455,447,201,11.96
1294,Kangra,Fengal,2001,56659,1292,211,11.96
1295,Kangra,Lonas Gold,2001,102106,1292,211,11.96
1296,Kangra,Royal Delicious,2001,41138,1292,211,11.89
1297,Kangra,Granny Smith,2001,22066,1292,211,11.89
1298,Kangra,Ambrosia,2001,44047,1292,211,11.89
1299,Kangra,Fengal,2002,63767,1245,231,11.89
1300,Kangra,Lonas Gold,2002,113892,1245,231,11.89
1301,Kangra,Royal Delicious,2002,40854,1245,231,11.89
1302,Kangra,Granny Smith,2002,27031,1245,231,12.79
1303,Kangra,Ambrosia,2002,45919,1245,231,12.79
1304,Kangra,Kashmir Apple,2003,3852,1432,267,14.65
1305,Kangra,Royal Delicious,2003,8254,1432,267,14.65
1306,Kangra,Kashmir Apple,2003,2854,1432,267,14.65
1307,Kangra,Lonas Gold,2003,2784,1432,267,14.65
1308,Kangra,Mongedy,2003,4982,1432,267,14.65
1309,Kangra,Fengal,2004,63054,1546,270,12.79
1310,Kangra,Lonas Gold,2004,153997,1546,270,12.79
1311,Kangra,Royal Delicious,2004,37125,1546,270,12.79
1312,Kangra,Granny Smith,2004,21545,1546,270,12.79
1313,Kangra,Ambrosia,2004,49278,1546,270,12.74
1314,Kangra,Fengal,2005,69182,1657,291,12.74
1315,Kangra,Lonas Gold,2005,144638,1657,291,12.74
1316,Kangra,Royal Delicious,2005,30000,1657,291,12.74
1317,Kangra,Granny Smith,2005,24808,1657,291,12.74
1318,Kangra,Ambrosia,2005,41144,1657,291,12.61
1319,Kangra,Fengal,2006,65312,1234,341,12.61
1320,Kangra,Lonas Gold,2006,163810,1234,341,12.61
1321,Kangra,Royal Delicious,2006,26667,1234,341,12.61
1322,Kangra,Granny Smith,2006,27737,1234,341,12.61
1323,Kangra,Ambrosia,2006,45833,1234,341,12.61
1324,Kangra,Fengal,2007,49371,1543,765,12.97
1325,Kangra,Lonas Gold,2007,170730,1543,765,12.97
1326,Kangra,Royal Delicious,2007,30000,1543,765,12.97
1327,Kangra,Granny Smith,2007,19489,1543,765,12.97
1328,Kangra,Ambrosia,2007,46408,1543,765,12.97
1329,Kangra,Fengal,2008,79759,1562,871,12.45
1330,Kangra,Lonas Gold,2008,170369,1562,871,12.45
1331,Kangra,Royal Delicious,2008,35023,1562,871,12.45
1332,Kangra,Granny Smith,2008,30053,1562,871,12.45
1333,Kangra,Ambrosia,2008,54833,1562,871,12.76
1334,Kangra,Fengal,2009,73508,1298,987,12.76
1335,Kangra,Lonas Gold,2009,193036,1298,987,12.76
1336,Kangra,Royal Delicious,2009,24835,1298,987,12.76
1337,Kangra,Granny Smith,2009,26000,1298,987,12.76
1338,Kangra,Ambrosia,2009,51896,1298,987,12.88
1339,Kangra,Fengal,2010,69678,1187,1324,12.88
1340,Kangra,Lonas Gold,2010,163115,1187,1324,12.88
1341,Kangra,Royal Delicious,2010,25641,1187,1324,12.88
1342,Kangra,Granny Smith,2010,27203,1187,1324,12.88
1343,Kangra,Ambrosia,2010,40415,1187,1324,12.66
1344,Kangra,Fengal,2011,56817,765,1563,12.66
1345,Kangra,Lonas Gold,2011,153960,765,1563,12.66
1346,Kangra,Royal Delicious,2011,32000,765,1563,12.66
1347,Kangra,Granny Smith,2011,25005,765,1563,12.66
1348,Kangra,Ambrosia,2011,52237,765,1563,12.66
1349,Kangra,Fengal,2012,43374,870,1765,12.75
1350,Kangra,Lonas Gold,2012,147848,870,1765,12.75
1351,Kangra,Royal Delicious,2012,35729,870,1765,12.75
1352,Kangra,Granny Smith,2012,17875,870,1765,12.75
1353,Kangra,Ambrosia,2012,53473,870,1765,12.75
1354,Kangra,Fengal,2013,65000,987,1865,12.3
1355,Kangra,Lonas Gold,2013,158785,987,1865,12.3
1356,Kangra,Royal Delicious,2013,50203,987,1865,12.3
1357,Kangra,Granny Smith,2013,23606,987,1865,12.3
1358,Kangra,Ambrosia,2013,48846,987,1865,12.3
1359,Kangra,Fengal,2014,48105,1292,1976,12.3
1360,Kangra,Lonas Gold,2014,352675,1292,1976,12.6
1361,Kangra,Royal Delicious,2014,66264,1292,1976,12.6
1362,Kangra,Granny Smith,2014,52170,1292,1976,12.6
1363,Kangra,Royal Delicious,2015,5442,1129,2091,12.98
1364,Kangra,Lonas Gold,2015,3434,1129,2091,12.98
1365,Kangra,Mongedy,2015,2875,1129,2091,12.98
1366,Kangra,Kashmir Apple,2015,8475,1129,2091,12.98
1367,Kangra,Royal Delicious,2016,2487,1987,2198,10.99
1368,Kangra,Red Fuji,2016,2984,1987,2198,10.99
1369,Kangra,Fengal,2016,3563,1987,2198,10.99
1370,Kangra,Granny Smith,2016,3567,1987,2198,10.99
1371,Kangra,Royal Delicious,2017,9358,1432,2234,15.65
1372,Kangra,Lonas Gold,2017,8275,1432,2234,15.65
1373,Kangra,Mongedy,2017,2847,1432,2234,15.65
1374,Kangra,Kashmir Apple,2017,5832,1432,2234,15.65
1375,Kangra,Ambrosia,2017,2986,1432,2234,15.65
1376,Kangra,Royal Delicious,2018,3259,962,2314,13.76
1377,Kangra,Red Fuji,2018,2986,962,2314,13.76
1378,Kangra,Kashmir Apple,2018,5965,962,2314,13.76
1379,Kangra,Lonas Gold,2018,5968,962,2314,13.76
1380,Kangra,Mongedy,2018,9826,962,2314,13.76
1381,Kangra,Royal Delicious,2019,1396,1865,3213,13.65
1382,Kangra,Fengal,2019,1306,1865,3213,13.65
1383,Kangra,Granny Smith,2019,2652,1865,3213,13.65
1384,Kangra,Golden Delicious,2019,2468,1865,3213,13.65
1385,Kangra,Royal Delicious,2020,2586,1653,3456,14.76
1386,Kangra,Red Fuji,2020,2058,1653,3456,14.76
1387,Kangra,Fengal,2020,3596,1653,3456,14.76
1388,Kangra,Granny Smith,2020,3566,1653,3456,14.76
1389,Kangra,Royal Delicious,2021,4968,1324,3673,13.43
1390,Kangra,Ambrosia,2021,3856,1324,3673,13.43
1391,Kangra,Mongedy,2021,3856,1324,3673,13.43
1392,Kangra,Kashmir Apple,2021,8664,1324,3673,13.43
1393,Kangra,Lonas Gold,2021,4986,1324,3673,13.43
1394,Kangra,Royal Delicious,2022,4684,1543,3786,12.21
1395,Kangra,Lonas Gold,2022,4986,1543,3786,12.21
1396,Kangra,Kashmir Apple,2022,3896,1543,3786,12.21
1397,Kangra,Mongedy,2022,4869,1543,3786,12.21
1398,Kangra,Royal Delicious,2023,4893,1543,4564,13.31
1399,Kangra,Red Fuji,2023,3985,1543,4564,13.31
1400,Kangra,Red Delicious,2023,3866,1543,4564,13.31
1401,Kangra,Ambrosia,2023,3573,1543,4564,13.31
1402,Kangra,Kashmir Apple,2023,3359,1543,4564,13.31
1403,Una,Kashmir Apple,1990,34,1232,432,12.6
1404,Una,Red Fuji,1990,34,1232,432,12.6
1405,Una,Granny Smith,1990,34,1232,432,12.6
1406,Una,Royal Delicious,1990,56,1232,432,12.6
1407,Una,Granny Smith,1990,67,1232,461.84,11.79
1408,Una,Lonas Gold,1990,87,1232,461.84,11.79
1409,Una,Granny Smith,1991,87,1342,461.84,11.79
1410,Una,Lonas Gold,1991,65,1342,461.84,11.79
1411,Una,Granny Smith,1992,76,1525,516.35,13
1412,Una,Lonas Gold,1992,54,1525,516.35,13
1413,Una,Granny Smith,1993,54,1765,516.35,13
1414,Una,Lonas Gold,1993,56,1765,516.35,13
1415,Una,Granny Smith,1994,7,980,516.35,13
1416,Una,Lonas Gold,1994,66,980,516.35,13
1417,Una,Granny Smith,1995,77,1342,489.8,14.12
1418,Una,Lonas Gold,1995,88,1342,489.8,14.12
1419,Una,Granny Smith,1996,99,1765,489.8,14.12
1420,Una,Lonas Gold,1996,90,1765,489.8,14.12
1421,Una,Granny Smith,1997,90,1547,489.8,14.12
1422,Una,Lonas Gold,1997,80,1547,489.8,14.12
1423,Una,Granny Smith,1998,80,1653,484.59,25.1
1424,Una,Lonas Gold,1998,78,1653,484.59,25.1
1425,Una,Granny Smith,1999,87,1241,484.59,25.1
1426,Una,Lonas Gold,1999,64,1241,484.59,25.26
1427,Una,Granny Smith,2000,3,1763,484.59,25.26
1428,Una,Lonas Gold,2000,22,1763,333.85,13.85
1429,Una,Royal Delicious,2000,12,1763,333.85,13.85
1430,Una,Granny Smith,2001,423,1764,333.85,13.85
1431,Una,Lonas Gold,2001,34,1764,333.85,13.85
1432,Una,Royal Delicious,2001,23,1764,461.84,11.79
1433,Una,Lonas Gold,2001,45,1764,484.59,25.26
1434,Una,Royal Delicious,2002,67,1897,565,13.45
1435,Una,Granny Smith,2002,89,1897,565,13.45
1436,Una,Fengal,2002,9,1897,565,13.45
1437,Una,Lonas Gold,2002,76,1897,565,13.45
1438,Una,Royal Delicious,2003,5,1989,676,14.56
1439,Una,Kashmir Apple,2003,33,1989,676,14.56
1440,Una,Mongedy,2003,23,1989,676,14.56
1441,Una,Red Fuji,2003,24,1989,676,14.56
1442,Una,Royal Delicious,2004,13,1653,689,15.76
1443,Una,Ambrosia,2004,12,1653,689,15.76
1444,Una,Lonas Gold,2004,13,1653,689,15.76
1445,Una,Kashmir Apple,2004,13,1653,689,15.76
1446,Una,Royal Delicious,2005,13,1432,798,14.43
1447,Una,Golden Delicious,2005,45,1432,798,14.43
1448,Una,Red Delicious,2005,24,1432,798,14.43
1449,Una,Ambrosia,2005,53,1432,798,14.43
1450,Una,Royal Delicious,2006,54,1323,823,14.78
1451,Una,Lonas Gold,2006,34,1323,823,14.78
1452,Una,Kashmir Apple,2006,56,1323,823,14.78
1453,Una,Mongedy,2006,7,1323,823,14.78
1454,Una,Ambrosia,2006,56,1323,823,14.78
1455,Una,Red Delicious,2006,76,1323,823,14.78
1456,Una,Royal Delicious,2007,45,1564,845,15.89
1457,Una,Red Delicious,2007,65,1564,845,15.89
1458,Una,Golden Delicious,2007,87,1564,845,15.89
1459,Una,Granny Smith,2007,97,1564,845,15.89
1460,Una,Royal Delicious,2008,65,1342,856,17.34
1461,Una,Granny Smith,2008,5,1342,856,17.34
1462,Una,Golden Delicious,2008,44,1342,856,17.34
1463,Una,Lonas Gold,2008,54,1342,856,17.34
1464,Una,Royal Delicious,2009,43,1765,878,14.87
1465,Una,Lonas Gold,2009,6,1765,878,14.87
1466,Una,Kashmir Apple,2009,46,1765,878,14.87
1467,Una,Mongedy,2009,46,1765,878,14.87
1468,Una,Ambrosia,2009,35,1765,878,14.87
1469,Una,Royal Delicious,2010,67,1632,1542,15.78
1470,Una,Red Fuji,2010,56,1632,1542,15.78
1471,Una,Red Delicious,2010,5,1632,1542,15.78
1472,Una,Lonas Gold,2010,43,1632,1542,15.78
1473,Una,Mongedy,2010,54,1632,1542,15.78
1474,Una,Royal Delicious,2011,3,1432,1654,14.56
1475,Una,Mongedy,2011,43,1432,1654,14.56
1476,Una,Lonas Gold,2011,45,1432,1654,14.56
1477,Una,Ambrosia,2011,45,1432,1654,14.56
1478,Una,Kashmir Apple,2011,6,1432,1654,14.56
1479,Una,Royal Delicious,2012,7,986,1765,15.67
1480,Una,Kashmir Apple,2012,8,986,1765,15.67
1481,Una,Mongedy,2012,98,986,1765,15.67
1482,Una,Fengal,2012,76,986,1765,15.67
1483,Una,Granny Smith,2012,54,986,1765,15.67
1484,Una,Royal Delicious,2013,64,1123,1876,17.78
1485,Una,Lonas Gold,2013,65,1123,1876,17.78
1486,Una,Mongedy,2013,43,1123,1876,17.78
1487,Una,Kashmir Apple,2013,65,1123,1876,17.78
1488,Una,Ambrosia,2013,33,1123,1876,17.78
1489,Una,Royal Delicious,2014,87,1764,1888,13.45
1490,Una,Fengal,2014,65,1764,1888,13.45
1491,Una,Granny Smith,2014,65,1764,1888,13.45
1492,Una,Golden Delicious,2014,43,1764,1888,13.45
1493,Una,Royal Delicious,2015,43,1643,1989,11.23
1494,Una,Golden Delicious,2015,23,1643,1989,11.23
1495,Una,Granny Smith,2015,45,1643,1989,11.23
1496,Una,Fengal,2015,67,1643,1989,11.23
1497,Una,Royal Delicious,2016,77,1322,2134,13.98
1498,Una,Red Fuji,2016,76,1322,2134,13.98
1499,Una,Ambrosia,2016,54,1322,2134,13.98
1500,Una,Kashmir Apple,2016,34,1322,2134,13.98
1501,Una,Mongedy,2016,56,1322,2134,13.98
1502,Una,Royal Delicious,2017,78,1434,2345,14.45
1503,Una,Lonas Gold,2017,98,1434,2345,14.45
1504,Una,Kashmir Apple,2017,98,1434,2345,14.45
1505,Una,Ambrosia,2017,76,1434,2345,14.45
1506,Una,Royal Delicious,2018,54,1643,2452,15.76
1507,Una,Red Fuji,2018,78,1643,2452,15.76
1508,Una,Granny Smith,2018,98,1643,2452,15.76
1509,Una,Ambrosia,2018,76,1643,2452,15.76
1510,Una,Royal Delicious,2019,54,1752,2567,14.89
1511,Una,Red Delicious,2019,56,1752,2567,14.89
1512,Una,Golden Delicious,2019,78,1752,2567,14.89
1513,Una,Granny Smith,2019,76,1752,2567,14.89
1514,Una,Royal Delicious,2020,54,1322,2678,13.34
1515,Una,Fengal,2020,34,1322,2678,13.34
1516,Una,Kashmir Apple,2020,56,1322,2678,13.34
1517,Una,Lonas Gold,2021,78,945,2789,14.87
1518,Una,Royal Delicious,2021,76,945,2789,14.87
1519,Una,Mongedy,2021,54,945,2789,14.87
1520,Una,Royal Delicious,2022,56,1232,2879,16.66
1521,Una,Granny Smith,2022,78,1232,2879,16.66
1522,Una,Ambrosia,2022,76,1232,2879,16.66
1523,Una,Royal Delicious,2023,54,1328,2900,10.99
1524,Una,Ambrosia,2023,3,1328,2900,10.99
1525,Una,Kashmir Apple,2023,23,1328,2900,10.99
1526,Hamirpur,Granny Smith,1990,57,453,484.59,10.98
1527,Hamirpur,Lonas Gold,1990,45,453,484.59,10.98
1528,Hamirpur,Mongedy,1990,45,453,484.59,10.98
1529,Hamirpur,Royal Delicious,1990,35,453,375.89,10.98
1530,Hamirpur,Golden Delicious,1990,2,453,375.89,10.98
1531,Hamirpur,Granny Smith,1990,4,453,384.23,10.98
1532,Hamirpur,Kashmir Apple,1990,2,453,384.23,10.98
1533,Hamirpur,Ambrosia,1990,2,453,269.66,10.98
1534,Hamirpur,Red Fuji,1990,4,453,315.74,10.98
1535,Hamirpur,Red Delicious,1991,5,549,268.2,12.34
1536,Hamirpur,Mongedy,1991,6,549,268.2,12.34
1537,Hamirpur,Royal Delicious,1991,4,549,268.2,12.34
1538,Hamirpur,Golden Delicious,1991,3,549,268.2,12.34
1539,Hamirpur,Granny Smith,1991,6,549,268.2,12.34
1540,Hamirpur,Kashmir Apple,1991,3,549,268.2,12.34
1541,Hamirpur,Ambrosia,1991,6,549,268.2,12.34
1542,Hamirpur,Red Fuji,1991,3,549,268.2,12.34
1543,Hamirpur,Red Delicious,1992,56,675,268.2,13.44
1544,Hamirpur,Mongedy,1992,46,675,268.2,13.44
1545,Hamirpur,Royal Delicious,1992,87,675,268.2,13.44
1546,Hamirpur,Golden Delicious,1992,78,675,268.2,13.44
1547,Hamirpur,Granny Smith,1992,87,675,268.2,13.44
1548,Hamirpur,Kashmir Apple,1992,78,675,268.2,13.44
1549,Hamirpur,Ambrosia,1992,87,675,14.05,13.44
1550,Hamirpur,Red Fuji,1992,89,675,14.05,13.44
1551,Hamirpur,Red Delicious,1993,86,732,14.05,12.45
1552,Hamirpur,Mongedy,1993,76,732,14.05,12.45
1553,Hamirpur,Royal Delicious,1993,78,732,30.86,12.45
1554,Hamirpur,Golden Delicious,1993,78,732,30.86,12.45
1555,Hamirpur,Granny Smith,1993,98,732,12.16,12.45
1556,Hamirpur,Kashmir Apple,1993,98,732,9.42,12.45
1557,Hamirpur,Ambrosia,1993,98,732,8.65,12.45
1558,Hamirpur,Red Fuji,1993,9,732,9.2,12.45
1559,Hamirpur,Red Delicious,1994,67,767,12.75,14.73
1560,Hamirpur,Mongedy,1994,65,767,12.12,14.73
1561,Hamirpur,Royal Delicious,1994,65,767,12.59,14.73
1562,Hamirpur,Golden Delicious,1994,56,767,9.84,14.73
1563,Hamirpur,Granny Smith,1994,78,767,9.14,14.73
1564,Hamirpur,Kashmir Apple,1994,97,767,1266,14.73
1565,Hamirpur,Ambrosia,1994,97,767,1266,14.73
1566,Hamirpur,Red Fuji,1994,75,767,1266,14.73
1567,Hamirpur,Red Delicious,1995,57,786,1266,15.78
1568,Hamirpur,Mongedy,1995,45,786,1266,15.78
1569,Hamirpur,Royal Delicious,1995,46,786,1266,15.78
1570,Hamirpur,Golden Delicious,1995,47,786,1287,15.78
1571,Hamirpur,Granny Smith,1995,47,786,1287,15.78
1572,Hamirpur,Kashmir Apple,1995,86,786,1287,15.78
1573,Hamirpur,Ambrosia,1995,36,786,1287,15.78
1574,Hamirpur,Red Fuji,1995,36,786,1287,15.78
1575,Hamirpur,Red Delicious,1996,68,799,1287,16.78
1576,Hamirpur,Mongedy,1996,96,799,1453,16.78
1577,Hamirpur,Royal Delicious,1996,68,799,1453,16.78
1578,Hamirpur,Golden Delicious,1996,86,799,1453,16.78
1579,Hamirpur,Granny Smith,1996,57,799,1453,16.78
1580,Hamirpur,Kashmir Apple,1996,79,799,1453,16.78
1581,Hamirpur,Ambrosia,1996,87,799,1453,16.78
1582,Hamirpur,Red Fuji,1996,76,799,1487,16.78
1583,Hamirpur,Red Delicious,1997,67,809,1487,16.87
1584,Hamirpur,Mongedy,1997,9,809,1487,16.87
1585,Hamirpur,Royal Delicious,1997,5,809,1487,16.87
1586,Hamirpur,Golden Delicious,1997,67,809,1487,16.87
1587,Hamirpur,Granny Smith,1997,86,809,1487,16.87
1588,Hamirpur,Kashmir Apple,1997,46,809,1594.5,16.87
1589,Hamirpur,Ambrosia,1997,69,809,1594.5,16.87
1590,Hamirpur,Red Fuji,1997,89,809,1594.5,16.87
1591,Hamirpur,Red Delicious,1998,34,910,1594.5,16.98
1592,Hamirpur,Mongedy,1998,67,910,1594.5,16.98
1593,Hamirpur,Royal Delicious,1998,48,910,1594.5,16.98
1594,Hamirpur,Golden Delicious,1998,84,910,1702,16.98
1595,Hamirpur,Granny Smith,1998,87,910,1702,16.98
1596,Hamirpur,Kashmir Apple,1998,56,910,1702,16.98
1597,Hamirpur,Ambrosia,1998,76,910,1702,16.98
1598,Hamirpur,Red Fuji,1998,87,910,1702,16.98
1599,Hamirpur,Red Delicious,1999,98,987,1702,13.32
1600,Hamirpur,Mongedy,1999,98,987,1919,13.32
1601,Hamirpur,Royal Delicious,1999,67,987,1919,13.32
1602,Hamirpur,Golden Delicious,1999,67,987,1919,13.32
1603,Hamirpur,Granny Smith,1999,67,987,1919,13.32
1604,Hamirpur,Kashmir Apple,1999,56,987,1919,13.32
1605,Hamirpur,Ambrosia,1999,56,987,1919,13.32
1606,Hamirpur,Red Fuji,1999,56,987,2035,13.32
1607,Hamirpur,Red Delicious,2000,56,1237,2035,13.45
1608,Hamirpur,Mongedy,2000,54,1237,2035,13.45
1609,Hamirpur,Royal Delicious,2000,23,1237,2035,13.45
1610,Hamirpur,Golden Delicious,2000,23,1237,2035,13.45
1611,Hamirpur,Granny Smith,2000,23,1237,2035,13.45
1612,Hamirpur,Kashmir Apple,2000,23,1237,2068,13.45
1613,Hamirpur,Ambrosia,2000,46,1237,2068,13.45
1614,Hamirpur,Red Fuji,2000,46,1237,2068,13.45
1615,Hamirpur,Red Delicious,2001,7,1246,2068,15.54
1616,Hamirpur,Mongedy,2001,56,1246,2068,15.54
1617,Hamirpur,Royal Delicious,2001,75,1246,2068,15.54
1618,Hamirpur,Golden Delicious,2001,75,1246,2532,15.54
1619,Hamirpur,Granny Smith,2001,43,1246,2532,15.54
1620,Hamirpur,Kashmir Apple,2001,43,1246,2532,15.54
1621,Hamirpur,Ambrosia,2001,54,1246,2532,15.54
1622,Hamirpur,Red Fuji,2001,56,1246,2532,15.54
1623,Hamirpur,Red Delicious,2002,42,987,2532,15.89
1624,Hamirpur,Mongedy,2002,5,987,3170,15.89
1625,Hamirpur,Royal Delicious,2002,65,987,3170,15.89
1626,Hamirpur,Golden Delicious,2002,65,987,3170,15.89
1627,Hamirpur,Granny Smith,2002,65,987,3170,15.89
1628,Hamirpur,Kashmir Apple,2002,5,987,3170,15.89
1629,Hamirpur,Ambrosia,2002,67,987,3170,15.89
1630,Hamirpur,Red Fuji,2002,87,987,3295.78,15.89
1631,Hamirpur,Royal Delicious,2003,56,765,3420,15.87
1632,Hamirpur,Red Fuji,2003,54,765,3420,15.87
1633,Hamirpur,Fengal,2003,53,765,3420,15.87
1634,Hamirpur,Granny Smith,2003,52,765,3420,15.87
1635,Hamirpur,Golden Delicious,2003,51,765,3420,15.87
1636,Hamirpur,Lonas Gold,2003,57,765,3420,15.87
1637,Hamirpur,Mongedy,2003,58,765,3420,15.87
1638,Hamirpur,Red Delicious,2004,87,678,3295.78,15.76
1639,Hamirpur,Mongedy,2004,87,678,3295.78,15.76
1640,Hamirpur,Royal Delicious,2004,23,678,3295.78,15.76
1641,Hamirpur,Golden Delicious,2004,45,678,3295.78,15.76
1642,Hamirpur,Granny Smith,2004,67,678,3295.78,15.76
1643,Hamirpur,Kashmir Apple,2004,89,678,2954.29,15.76
1644,Hamirpur,Ambrosia,2004,98,678,2954.29,15.76
1645,Hamirpur,Red Fuji,2004,76,678,2954.29,15.76
1646,Hamirpur,Red Delicious,2005,54,1240,2954.29,15.87
1647,Hamirpur,Mongedy,2005,32,1240,2954.29,15.87
1648,Hamirpur,Royal Delicious,2005,34,1240,2954.29,15.87
1649,Hamirpur,Golden Delicious,2005,56,1240,5587.81,15.87
1650,Hamirpur,Granny Smith,2005,78,1240,5587.81,15.87
1651,Hamirpur,Kashmir Apple,2005,98,1240,5587.81,15.87
1652,Hamirpur,Ambrosia,2005,76,1240,5587.81,15.87
1653,Hamirpur,Red Fuji,2005,5,1240,5587.81,15.87
1654,Hamirpur,Red Delicious,2006,4,1546,5587.81,16.87
1655,Hamirpur,Mongedy,2006,32,1546,7605.01,16.87
1656,Hamirpur,Royal Delicious,2006,67,1546,4343,16.87
1657,Hamirpur,Golden Delicious,2006,89,1546,4343,16.87
1658,Hamirpur,Granny Smith,2006,76,1546,4343,16.87
1659,Hamirpur,Kashmir Apple,2006,5,1546,4343,16.87
1660,Hamirpur,Ambrosia,2006,4,1546,4343,16.87
1661,Hamirpur,Red Fuji,2006,3,1546,4343,16.87
1662,Hamirpur,Red Delicious,2007,3,1234,2367,12.32
1663,Hamirpur,Mongedy,2007,2,1234,2367,12.32
1664,Hamirpur,Royal Delicious,2007,3,1234,2367,12.32
1665,Hamirpur,Golden Delicious,2007,67,1234,2367,12.32
1666,Hamirpur,Granny Smith,2007,54,1234,2367,12.32
1667,Hamirpur,Kashmir Apple,2007,54,1234,2367,12.32
1668,Hamirpur,Ambrosia,2007,54,1234,2367,12.32
1669,Hamirpur,Red Fuji,2007,65,1234,3456,12.32
1670,Hamirpur,Red Delicious,2008,76,1444,3456,14.54
1671,Hamirpur,Mongedy,2008,87,1444,3456,14.54
1672,Hamirpur,Royal Delicious,2008,98,1444,3456,14.54
1673,Hamirpur,Granny Smith,2009,11,980,484.59,16.76
1674,Hamirpur,Lonas Gold,2009,45,980,484.59,16.76
1675,Hamirpur,Royal Delicious,2009,56,980,3456,16.76
1676,Hamirpur,Red Fuji,2009,78,980,3456,16.76
1677,Hamirpur,Royal Delicious,2010,98,887,3456,15.65
1678,Hamirpur,Red Fuji,2010,76,887,3456,15.65
1679,Hamirpur,Fengal,2010,54,887,3456,15.65
1680,Hamirpur,Granny Smith,2010,75,887,3456,15.65
1681,Hamirpur,Royal Delicious,2011,75,788,3232,16.76
1682,Hamirpur,Fengal,2011,75,788,3232,16.76
1683,Hamirpur,Golden Delicious,2011,45,788,3232,16.76
1684,Hamirpur,Lonas Gold,2011,78,788,3232,16.76
1685,Hamirpur,Royal Delicious,2012,57,765,3333,14.65
1686,Hamirpur,Mongedy,2012,57,765,3333,14.65
1687,Hamirpur,Kashmir Apple,2012,57,765,3333,14.65
1688,Hamirpur,Lonas Gold,2012,55,765,3333,14.65
1689,Hamirpur,Royal Delicious,2013,57,941,3432,15.65
1690,Hamirpur,Ambrosia,2013,56,941,3432,15.65
1691,Hamirpur,Kashmir Apple,2013,57,941,3432,15.65
1692,Hamirpur,Lonas Gold,2013,57,941,3432,15.65
1693,Hamirpur,Mongedy,2013,4,941,3432,15.65
1694,Hamirpur,Royal Delicious,2014,7,875,3565,13.54
1695,Hamirpur,Red Delicious,2014,76,875,3565,13.54
1696,Hamirpur,Red Fuji,2014,76,875,3565,13.54
1697,Hamirpur,Fengal,2014,57,875,3565,13.54
1698,Hamirpur,Granny Smith,2014,57,875,3565,13.54
1699,Hamirpur,Royal Delicious,2015,57,899,3335,13.98
1700,Hamirpur,Red Fuji,2015,57,899,3335,13.98
1701,Hamirpur,Fengal,2015,54,899,3335,13.98
1702,Hamirpur,Lonas Gold,2015,64,899,3335,13.98
1703,Hamirpur,Royal Delicious,2016,47,989,3876,15.67
1704,Hamirpur,Lonas Gold,2016,67,989,3876,15.67
1705,Hamirpur,Kashmir Apple,2016,76,989,3876,15.67
1706,Hamirpur,Mongedy,2016,67,989,3876,15.67
1707,Hamirpur,Ambrosia,2016,88,989,3876,15.67
1708,Hamirpur,Royal Delicious,2017,77,767,3977,16.66
1709,Hamirpur,Ambrosia,2017,66,767,3977,16.66
1710,Hamirpur,Lonas Gold,2017,55,767,3977,16.66
1711,Hamirpur,Kashmir Apple,2017,44,767,3977,16.66
1712,Hamirpur,Mongedy,2017,33,767,3977,16.66
1713,Hamirpur,Royal Delicious,2018,22,767,4123,14.59
1714,Hamirpur,Red Delicious,2018,11,767,4123,14.59
1715,Hamirpur,Golden Delicious,2018,22,767,4123,14.59
1716,Hamirpur,Fengal,2018,33,767,4123,14.59
1717,Hamirpur,Royal Delicious,2019,4,567,4265,16.54
1718,Hamirpur,Granny Smith,2019,44,567,4265,16.54
1719,Hamirpur,Red Fuji,2019,55,567,4265,16.54
1720,Hamirpur,Ambrosia,2019,66,567,4265,16.54
1721,Hamirpur,Royal Delicious,2020,77,667,4345,15.55
1722,Hamirpur,Ambrosia,2020,88,667,4345,15.55
1723,Hamirpur,Lonas Gold,2020,99,667,4345,15.55
1724,Hamirpur,Mongedy,2020,55,667,4345,15.55
1725,Hamirpur,Royal Delicious,2021,44,1267,3456,15.87
1726,Hamirpur,Mongedy,2021,34,1267,3456,15.87
1727,Hamirpur,Lonas Gold,2021,45,1267,3456,15.87
1728,Hamirpur,Kashmir Apple,2021,67,1267,3456,15.87
1729,Hamirpur,Ambrosia,2021,89,1267,3456,15.87
1730,Hamirpur,Royal Delicious,2022,87,1234,4568,17.98
1731,Hamirpur,Ambrosia,2022,76,1234,4568,17.98
1732,Hamirpur,Kashmir Apple,2022,54,1234,4568,17.98
1733,Hamirpur,Mongedy,2022,54,1234,4568,17.98
1734,Hamirpur,Royal Delicious,2023,34,778,4678,13.98
1735,Hamirpur,Lonas Gold,2023,56,778,4678,13.98
1736,Hamirpur,Kashmir Apple,2023,76,778,4678,13.98
1737,Hamirpur,Mongedy,2023,78,778,4678,13.98
1738,Hamirpur,Ambrosia,2023,98,778,4678,13.98
1739,Hamirpur,Fengal,2023,46,778,4678,13.98
1740,Bilaspur,Royal Delicious,1990,46,1234,565,10.98
1741,Bilaspur,Red Fuji,1990,67,1234,565,10.98
1742,Bilaspur,Granny Smith,1990,87,1234,565,10.98
1743,Bilaspur,Golden Delicious,1990,754,1234,565,10.98
1744,Bilaspur,Royal Delicious,1991,78,1543,655,11.856
1745,Bilaspur,Lonas Gold,1991,98,1543,655,11.856
1746,Bilaspur,Kashmir Apple,1991,88,1543,655,11.856
1747,Bilaspur,Mongedy,1991,89,1543,655,11.856
1748,Bilaspur,Royal Delicious,1992,43,1433,677,14.67
1749,Bilaspur,Ambrosia,1992,876,1433,677,14.67
1750,Bilaspur,Kashmir Apple,1992,678,1433,677,14.67
1751,Bilaspur,Granny Smith,1992,657,1433,677,14.67
1752,Bilaspur,Royal Delicious,1993,875,1567,688,15.78
1753,Bilaspur,Fengal,1993,679,1567,688,15.78
1754,Bilaspur,Ambrosia,1993,864,1567,688,15.78
1755,Bilaspur,Granny Smith,1993,532,1567,688,15.78
1756,Bilaspur,Royal Delicious,1994,6543,1111,721,14.99
1757,Bilaspur,Lonas Gold,1994,654,1111,721,14.99
1758,Bilaspur,Kashmir Apple,1994,78,1111,721,14.99
1759,Bilaspur,Mongedy,1994,875,1111,721,14.99
1760,Bilaspur,Royal Delicious,1995,67,980,734,14.67
1761,Bilaspur,Fengal,1995,897,980,734,14.67
1762,Bilaspur,Granny Smith,1995,65,980,734,14.67
1763,Bilaspur,Ambrosia,1995,765,980,734,14.67
1764,Bilaspur,Mongedy,1995,769,980,734,14.67
1765,Bilaspur,Royal Delicious,1996,986,567,756,14.67
1766,Bilaspur,Lonas Gold,1996,835,567,756,14.67
1767,Bilaspur,Kashmir Apple,1996,457,567,756,14.67
1768,Bilaspur,Mongedy,1996,764,567,756,14.67
1769,Bilaspur,Ambrosia,1996,757,567,756,14.67
1770,Bilaspur,Royal Delicious,1997,753,899,789,12.36
1771,Bilaspur,Fengal,1997,685,899,789,12.36
1772,Bilaspur,Red Delicious,1997,790,899,789,12.36
1773,Bilaspur,Ambrosia,1997,890,899,789,12.36
1774,Bilaspur,Royal Delicious,1998,456,989,799,14.76
1775,Bilaspur,Fengal,1998,765,989,799,14.76
1776,Bilaspur,Granny Smith,1998,542,989,799,14.76
1777,Bilaspur,Golden Delicious,1998,578,989,799,14.76
1778,Bilaspur,Ambrosia,1998,763,989,799,14.76
1779,Bilaspur,Royal Delicious,1999,653,1656,831,13.32
1780,Bilaspur,Ambrosia,1999,467,1656,831,13.32
1781,Bilaspur,Fengal,1999,467,1656,831,13.32
1782,Bilaspur,Golden Delicious,1999,642,1656,831,13.32
1783,Bilaspur,Granny Smith,1999,67,1656,831,13.32
1784,Bilaspur,Royal Delicious,2000,754,1666,843,14.56
1785,Bilaspur,Mongedy,2000,8,1666,843,14.56
1786,Bilaspur,Lonas Gold,2000,87,1666,843,14.56
1787,Bilaspur,Kashmir Apple,2000,64,1666,843,14.56
1788,Bilaspur,Ambrosia,2000,43,1666,843,14.56
1789,Bilaspur,Royal Delicious,2001,76,1343,876,12.35
1790,Bilaspur,Golden Delicious,2001,56,1343,876,12.35
1791,Bilaspur,Red Delicious,2001,88,1343,876,12.35
1792,Bilaspur,Fengal,2001,98,1343,876,12.35
1793,Bilaspur,Granny Smith,2001,34,1343,876,12.35
1794,Bilaspur,Ambrosia,2001,53,1343,876,12.35
1795,Bilaspur,Royal Delicious,2002,32,1222,923,12.33
1796,Bilaspur,Lonas Gold,2002,56,1222,923,12.33
1797,Bilaspur,Mongedy,2002,53,1222,923,12.33
1798,Bilaspur,Kashmir Apple,2002,53,1222,923,12.33
1799,Bilaspur,Ambrosia,2002,74,1222,923,12.33
1800,Bilaspur,Fengal,2002,64,1222,923,12.33
1801,Bilaspur,Granny Smith,2002,78,1222,923,12.33
1802,Bilaspur,Royal Delicious,2003,98,618,999,16.87
1803,Bilaspur,Red Delicious,2003,78,618,999,16.87
1804,Bilaspur,Golden Delicious,2003,97,618,999,16.87
1805,Bilaspur,Granny Smith,2003,743,618,999,16.87
1806,Bilaspur,Royal Delicious,2004,89,999,1009,15.67
1807,Bilaspur,Red Fuji,2004,75,999,1009,15.67
1808,Bilaspur,Granny Smith,2004,64,999,1009,15.67
1809,Bilaspur,Golden Delicious,2004,75,999,1009,15.67
1810,Bilaspur,Royal Delicious,2005,67,1444,1076,13.36
1811,Bilaspur,Lonas Gold,2005,67,1444,1076,13.36
1812,Bilaspur,Mongedy,2005,53,1444,1076,13.36
1813,Bilaspur,Kashmir Apple,2005,32,1444,1076,13.36
1814,Bilaspur,Royal Delicious,2006,65,1323,1098,16.67
1815,Bilaspur,Ambrosia,2006,65,1323,1098,16.67
1816,Bilaspur,Lonas Gold,2006,43,1323,1098,16.67
1817,Bilaspur,Kashmir Apple,2006,67,1323,1098,16.67
1818,Bilaspur,Mongedy,2006,67,1323,1098,16.67
1819,Bilaspur,Royal Delicious,2007,45,1565,1134,15.45
1820,Bilaspur,Lonas Gold,2007,67,1565,1134,15.45
1821,Bilaspur,Kashmir Apple,2007,98,1565,1134,15.45
1822,Bilaspur,Golden Delicious,2007,89,1565,1134,15.45
1823,Bilaspur,Royal Delicious,2008,56,1232,1156,13.34
1824,Bilaspur,Red Delicious,2008,46,1232,1156,13.34
1825,Bilaspur,Kashmir Apple,2008,75,1232,1156,13.34
1826,Bilaspur,Ambrosia,2008,47,1232,1156,13.34
1827,Bilaspur,Red Fuji,2008,73,1232,1156,13.34
1828,Bilaspur,Red Delicious,2009,79,888,1234,17.67
1829,Bilaspur,Mongedy,2009,65,888,1234,17.67
1830,Bilaspur,Royal Delicious,2009,58,888,1234,17.67
1831,Bilaspur,Golden Delicious,2009,64,888,1234,17.67
1832,Bilaspur,Granny Smith,2009,57,888,1234,17.67
1833,Bilaspur,Kashmir Apple,2009,53,888,1234,17.67
1834,Bilaspur,Ambrosia,2009,65,888,1234,17.67
1835,Bilaspur,Red Fuji,2009,75,888,1234,17.67
1836,Bilaspur,Red Delicious,2010,543,1340,1325,11.23
1837,Bilaspur,Mongedy,2010,75,1340,1325,11.23
1838,Bilaspur,Royal Delicious,2010,875,1340,1325,11.23
1839,Bilaspur,Golden Delicious,2010,780,1340,1325,11.23
1840,Bilaspur,Granny Smith,2010,865,1340,1325,11.23
1841,Bilaspur,Kashmir Apple,2010,87,1340,1325,11.23
1842,Bilaspur,Ambrosia,2010,78,1340,1325,11.23
1843,Bilaspur,Red Fuji,2010,80,1340,1325,11.23
1844,Bilaspur,Red Delicious,2011,98,656,1456,14.32
1845,Bilaspur,Mongedy,2011,57,656,1456,14.32
1846,Bilaspur,Royal Delicious,2011,75,656,1456,14.32
1847,Bilaspur,Golden Delicious,2011,65,656,1456,14.32
1848,Bilaspur,Granny Smith,2011,87,656,1456,14.32
1849,Bilaspur,Kashmir Apple,2011,654,656,1456,14.32
1850,Bilaspur,Ambrosia,2011,75,656,1456,14.32
1851,Bilaspur,Red Fuji,2011,64,656,1456,14.32
1852,Bilaspur,Red Delicious,2012,54,999,1657,13.32
1853,Bilaspur,Mongedy,2012,49,999,1657,13.32
1854,Bilaspur,Royal Delicious,2012,64,999,1657,13.32
1855,Bilaspur,Royal Delicious,2013,78,1323,1748,15.44
1856,Bilaspur,Ambrosia,2013,67,1323,1748,15.44
1857,Bilaspur,Fengal,2013,87,1323,1748,15.44
1858,Bilaspur,Granny Smith,2013,68,1323,1748,15.44
1859,Bilaspur,Golden Delicious,2013,64,1323,1748,15.44
1860,Bilaspur,Royal Delicious,2014,34,1356,1870,15.89
1861,Bilaspur,Red Fuji,2014,56,1356,1870,15.89
1862,Bilaspur,Granny Smith,2014,57,1356,1870,15.89
1863,Bilaspur,Kashmir Apple,2014,56,1356,1870,15.89
1864,Bilaspur,Royal Delicious,2015,68,1654,1920,16.89
1865,Bilaspur,Lonas Gold,2015,87,1654,1920,16.89
1866,Bilaspur,Kashmir Apple,2015,87,1654,1920,16.89
1867,Bilaspur,Mongedy,2015,89,1654,1920,16.89
1868,Bilaspur,Ambrosia,2015,54,1654,1920,16.89
1869,Bilaspur,Royal Delicious,2016,54,1432,2340,15.98
1870,Bilaspur,Lonas Gold,2016,53,1432,2340,15.98
1871,Bilaspur,Red Delicious,2016,53,1432,2340,15.98
1872,Bilaspur,Golden Delicious,2016,45,1432,2340,15.98
1873,Bilaspur,Granny Smith,2016,45,1432,2340,15.98
1874,Bilaspur,Royal Delicious,2017,34,984,2400,13.46
1875,Bilaspur,Ambrosia,2017,2,984,2400,13.46
1876,Bilaspur,Mongedy,2017,34,984,2400,13.46
1877,Bilaspur,Kashmir Apple,2017,23,984,2400,13.46
1878,Bilaspur,Royal Delicious,2018,34,897,2500,14.56
1879,Bilaspur,Mongedy,2018,34,897,2500,14.56
1880,Bilaspur,Kashmir Apple,2018,56,897,2500,14.56
1881,Bilaspur,Lonas Gold,2018,56,897,2500,14.56
1882,Bilaspur,Royal Delicious,2019,78,990,2565,16.65
1883,Bilaspur,Lonas Gold,2019,65,990,2565,16.65
1884,Bilaspur,Ambrosia,2019,64,990,2565,16.65
1885,Bilaspur,Red Fuji,2019,64,990,2565,16.65
1886,Bilaspur,Royal Delicious,2020,64,989,2698,13.56
1887,Bilaspur,Fengal,2020,64,989,2698,13.56
1888,Bilaspur,Granny Smith,2020,64,989,2698,13.56
1889,Bilaspur,Red Fuji,2020,53,989,2698,13.56
1890,Bilaspur,Royal Delicious,2021,54,1440,2789,14.89
1891,Bilaspur,Fengal,2021,65,1440,2789,14.89
1892,Bilaspur,Granny Smith,2021,35,1440,2789,14.89
1893,Bilaspur,Ambrosia,2021,56,1440,2789,14.89
1894,Bilaspur,Kashmir Apple,2021,3,1440,2789,14.89
1895,Bilaspur,Royal Delicious,2022,53,899,2796,15.67
1896,Bilaspur,Kashmir Apple,2022,34,899,2796,15.67
1897,Bilaspur,Ambrosia,2022,24,899,2796,15.67
1898,Bilaspur,Lonas Gold,2022,24,899,2796,15.67
1899,Bilaspur,Mongedy,2022,24,899,2796,15.67
1900,Bilaspur,Royal Delicious,2023,24,1212,2799,13.45
1901,Bilaspur,Fengal,2023,34,1212,2799,13.45
1902,Bilaspur,Granny Smith,2023,24,1212,2799,13.45
1903,Bilaspur,Ambrosia,2023,24,1212,2799,13.45
1904,Bilaspur,Kashmir Apple,2023,25,1212,2799,13.45
1905,Bilaspur,Lonas Gold,2023,25,1212,2799,13.45
1906,Bilaspur,Mongedy,2023,5,1212,2799,13.45
1907,Bilaspur,Red Delicious,2023,35,1212,2799,13.45
1908,Bilaspur,Golden Delicious,2023,64,1212,2799,13.45
1909,Bilaspur,Kashmir Apple,2023,353,1212,2799,13.45
